{"Common.Close":"Close","Common.Colon":"{text}:","Common.Editor.CropImage.TooltipText":"Crop","Common.Editor.DeleteImage.TooltipText":"Delete image","Common.Editor.ImageControls.MediaToolbar.Replace":"Replace","Common.Editor.Settings.Design.Font.Toast.LoadFailed":"Failed to add the font {name}. Content item is displayed in standard browser font.","Common.FileSize.ToGb":"{volume} GB","Common.FileSize.ToKb":"{volume} kB","Common.FileSize.ToMb":"{volume} MB","Common.ImageZoom.Tooltip.Decrease":"Zoom out","Common.ImageZoom.Tooltip.Increase":"Zoom in","Common.ImageZoom.Tooltip.ResetScale":"Reset to original size","Common.LearnMore":"Learn More","Common.Toasts.CancelButtonLabel":"Cancel","Learn.EditContent.CompletionTab.ReenrollmentAfterCourseCompletion.Part1":"","Learn.EditContent.CompletionTab.ReenrollmentAfterCourseCompletion.Part2":"after course completion","Learn.EditContent.CompletionTab.ReenrollmentBeforeCertExpires.Part1":"","Learn.ProctoringBadge.Label":"Validation and verification by ProctorEdu","Learn.ProctoringBadge.Tooltip":"The proctoring platform, ProctorEdu, collects, processes and stores data for validation and verification purposes.","Learn.Reports.SendReportOnSchedulePopup.Schedule.Month.Day":"day","Quiz.Editor.Choices.DefaultAnswer":"Option {index}","Quiz.Editor.Matching.DefaultElement":"Item {index}","Quiz.Editor.Matching.DefaultMatch":"Match {index}","Quiz.Editor.Question.Feedback.Answered":"Thanks for your answer!","Quiz.Editor.Question.Feedback.CorrectText":"Your answer is correct.","Quiz.Editor.Question.Feedback.IncorrectText":"Sorry, your answer is incorrect.","Quiz.Editor.Results.Completed.Message":"Thank you for completing this quiz.","Quiz.Editor.Results.Completed.Title":"Thank you for completing this quiz.","Quiz.Editor.Results.Failed.Message":"Sorry, you did not pass the quiz.","Quiz.Editor.Results.Failed.Title":"You did not pass.","Quiz.Editor.Results.Passed.Message":"You have successfully completed the quiz.","Quiz.Editor.Results.Passed.Title":"Congratulations, you passed!","Quiz.Editor.SequenceElements.DefaultAnswer":"Option {index}","Quiz.Editor.TypeIn.Answer":"Answer","Quiz.Player.Intro.StartQuiz":"Start Quiz","Quiz.Player.Question.Continue":"Continue","Quiz.Player.Question.CorrectAnswer":"Correct Answer:","Quiz.Player.Question.Feedback.Correct":"Correct","Quiz.Player.Question.Feedback.Incorrect":"Incorrect","Quiz.Player.Question.GoToResults":"Results","Quiz.Player.Question.Matching.ChooseYourAnswer":"Select a match","Quiz.Player.Question.Number.Label":"Question {current} out of {total}","Quiz.Player.Question.Submit":"Submit","Quiz.Player.Question.YourAnswer":"Your Answer:","Quiz.Player.QuizEndTimePopup.Description":"You've reached the time limit for this quiz.","Quiz.Player.QuizEndTimePopup.ResultsButtonLabel":"Results","Quiz.Player.QuizStartInfoMessage.Description":"You have {minutes} min {seconds} sec to pass this quiz.","Quiz.Player.QuizStartInfoMessage.Description.WithoutMinutes":"You have {seconds} sec to pass this quiz.","Quiz.Player.QuizStartInfoMessage.Description.WithoutSeconds":"You have {minutes} min to pass this quiz.","Quiz.Player.Results.FinishQuiz":"Finish","Quiz.Player.Results.Graph.PassingScoreDescription":"Passing score:","Quiz.Player.Results.RestartQuiz":"Try Again","Quiz.Player.Sequence.Hint":"Drag the items to arrange them","Quiz.Player.Timer":"{minutes} min {seconds} sec","Quiz.Player.Timer.WithoutMinutes":"{seconds} sec","Quiz.Player.Timer.WithoutSeconds":"{minutes} min","Quiz.Player.TypeIn.CorrectAnswers":"Acceptable answers","Roll.Common.ChapterDefaultTitle":"New Chapter","Roll.Common.CodeBlock.Copied":"Code has been copied","Roll.Common.CodeBlock.CopyCode":"Copy","Roll.Common.CodeBlock.Placeholder":"Code","Roll.Common.CurrentChapterFromTotal":"Chapter {current} of {total}","Roll.Common.IntroDefaultTitle":"New Page","Roll.Editor.AttachmentBlock.DownloadButtonTooltip":"Download","Roll.Editor.AttachmentBlock.UpdateButtonTooltip":"Replace","Roll.Editor.Continue.DefaultText":"Continue","Roll.Editor.Divider.Default.Rectangle.Paragraph.Text":"Text","Roll.Editor.FlipCardsBlock.AddImage.Placeholder":"Add image","Roll.Editor.FlipCardsBlock.Card.TextPlaceholder":"Add your text…","Roll.Editor.FlipCardsBlock.DefaultText.BackTextSide":"Description","Roll.Editor.FlipCardsBlock.DefaultText.FrontTextSide":"Card title","Roll.Editor.ImageLoading.Label":"Loading an image...","Roll.Editor.MediaCaptionDefaultText":"Add a caption (optional)","Roll.Editor.QuizBlock.DefaultTitle":"Let's test your knowledge!","Roll.Exercise.Question.Content.PossibleAnswer":"Answer choice","Roll.Exercise.TypeIn.Answer":"Answer","Roll.Note.Placeholder":"Type your text here…","Roll.Player.Complete":"Complete","Roll.Player.Continue":"Continue","Roll.Player.GotoNextChapterLink":"Next: {title}","Roll.Player.Navigation.DisabledPage.Tooltip.Text":"Complete this course in the recommended order","Roll.Player.Navigation.HiddenContent.Tooltip.Text":"To continue, click on the navigation buttons on the page 👉","Watermark.Trial.Text":"Created with {product}"}