{"content":{"c":{"o":["e3mg0","741o0","bfbs1","1788t","k1cn","64j68","1nvm3","eq30c"],"B":{"e3mg0":{"h":{"k":"","s":"Rules of behavior during a fire emergency","t":"Fire Safety ","ds":{"tc":"#FFFFFF","cis":{"c":"#000000","h":1461,"i":false,"o":0.3,"s":"data/islen-90914827/65c9343b-33a5-11ef-8fc7-0eadc1788fc8.jpg","w":2200}}},"k":"e3mg0","cs":{"b":{"B":{"a1cd9":{"c":[],"k":"a1cd9","t":"p","v":"text","tA":"left"},"armon":{"c":[],"k":"armon","t":"p","v":"text","tA":"left"}},"o":["armon","a1cd9"]}},"nd":{"hh":[]}},"741o0":{"h":{"k":"","s":"","t":"Step 1. Analyze the Situation. ","ds":{"tc":"#323537","cis":null}},"k":"741o0","cs":{"b":{"B":{"2rjfc":{"c":[],"k":"2rjfc","t":"p","v":"text","tA":"left"},"43m3u":{"c":[{"m":{"#":[]},"t":"W"},{"m":{"#":[]},"t":"h"},{"m":{"#":[]},"t":"a"},{"m":{"#":[]},"t":"t"},{"m":{"#":[]},"t":" "},{"m":{"#":[]},"t":"t"},{"m":{"#":[]},"t":"h"},{"m":{"#":[]},"t":"r"},{"m":{"#":[]},"t":"e"},{"m":{"#":[]},"t":"a"},{"m":{"#":[]},"t":"t"},{"m":{"#":[]},"t":"e"},{"m":{"#":[]},"t":"n"},{"m":{"#":[]},"t":"s"},{"m":{"#":[]},"t":" "},{"m":{"#":[]},"t":"o"},{"m":{"#":[]},"t":"t"},{"m":{"#":[]},"t":"h"},{"m":{"#":[]},"t":"e"},{"m":{"#":[]},"t":"r"},{"m":{"#":[]},"t":" "},{"m":{"#":[]},"t":"p"},{"m":{"#":[]},"t":"e"},{"m":{"#":[]},"t":"o"},{"m":{"#":[]},"t":"p"},{"m":{"#":[]},"t":"l"},{"m":{"#":[]},"t":"e"},{"m":{"#":[]},"t":"?"},{"m":{"#":[]},"t":" "}],"k":"43m3u","t":"li","lT":"ul","lVT":"default"},"4voqe":{"c":[{"m":{"#":[]},"t":"W"},{"m":{"#":[]},"t":"h"},{"m":{"#":[]},"t":"a"},{"m":{"#":[]},"t":"t"},{"m":{"#":[]},"t":" "},{"m":{"#":[]},"t":"i"},{"m":{"#":[]},"t":"s"},{"m":{"#":[]},"t":" "},{"m":{"#":[]},"t":"t"},{"m":{"#":[]},"t":"h"},{"m":{"#":[]},"t":"e"},{"m":{"#":[]},"t":" "},{"m":{"#":[]},"t":"d"},{"m":{"#":[]},"t":"a"},{"m":{"#":[]},"t":"n"},{"m":{"#":[]},"t":"g"},{"m":{"#":[]},"t":"e"},{"m":{"#":[]},"t":"r"},{"m":{"#":[]},"t":" "},{"m":{"#":[]},"t":"t"},{"m":{"#":[]},"t":"o"},{"m":{"#":[]},"t":" "},{"m":{"#":[]},"t":"m"},{"m":{"#":[]},"t":"e"},{"m":{"#":[]},"t":"?"},{"m":{"#":[]},"t":" "}],"k":"4voqe","t":"li","lT":"ul","lVT":"default"},"7hvjm":{"a":"inner","h":113,"k":"7hvjm","s":"https://www.youtube.com/embed/cFsSlpEteog","t":"e","w":200,"ca":{"e":false,"v":[]}},"8ph3u":{"c":[{"m":{"#":[1]},"t":"T"},{"m":{"#":[1]},"t":"h"},{"m":{"#":[1]},"t":"e"},{"m":{"#":[1]},"t":" "},{"m":{"#":[1]},"t":"k"},{"m":{"#":[1]},"t":"e"},{"m":{"#":[1]},"t":"y"},{"m":{"#":[1]},"t":" "},{"m":{"#":[1]},"t":"t"},{"m":{"#":[1]},"t":"h"},{"m":{"#":[1]},"t":"i"},{"m":{"#":[1]},"t":"n"},{"m":{"#":[1]},"t":"g"},{"m":{"#":[1]},"t":" "},{"m":{"#":[1]},"t":"i"},{"m":{"#":[1]},"t":"s"},{"m":{"#":[1]},"t":":"},{"m":{"#":[1]},"t":" "},{"m":{"#":[1]},"t":"d"},{"m":{"#":[1]},"t":"o"},{"m":{"#":[1]},"t":"n"},{"m":{"#":[1]},"t":"’"},{"m":{"#":[1]},"t":"t"},{"m":{"#":[1]},"t":" "},{"m":{"#":[1]},"t":"p"},{"m":{"#":[1]},"t":"a"},{"m":{"#":[1]},"t":"n"},{"m":{"#":[1]},"t":"i"},{"m":{"#":[1]},"t":"c"},{"m":{"#":[1]},"t":"."},{"m":{"#":[1]},"t":" "},{"m":{"#":[1]},"t":"L"},{"m":{"#":[1]},"t":"o"},{"m":{"#":[1]},"t":"o"},{"m":{"#":[1]},"t":"k"},{"m":{"#":[1]},"t":" "},{"m":{"#":[1]},"t":"a"},{"m":{"#":[1]},"t":"r"},{"m":{"#":[1]},"t":"o"},{"m":{"#":[1]},"t":"u"},{"m":{"#":[1]},"t":"n"},{"m":{"#":[1]},"t":"d"},{"m":{"#":[1]},"t":" "},{"m":{"#":[1]},"t":"a"},{"m":{"#":[1]},"t":"n"},{"m":{"#":[1]},"t":"d"},{"m":{"#":[1]},"t":" "},{"m":{"#":[1]},"t":"a"},{"m":{"#":[1]},"t":"n"},{"m":{"#":[1]},"t":"s"},{"m":{"#":[1]},"t":"w"},{"m":{"#":[1]},"t":"e"},{"m":{"#":[1]},"t":"r"},{"m":{"#":[1]},"t":" "},{"m":{"#":[1]},"t":"t"},{"m":{"#":[1]},"t":"h"},{"m":{"#":[1]},"t":"e"},{"m":{"#":[1]},"t":"s"},{"m":{"#":[1]},"t":"e"},{"m":{"#":[1]},"t":" "},{"m":{"#":[1]},"t":"q"},{"m":{"#":[1]},"t":"u"},{"m":{"#":[1]},"t":"e"},{"m":{"#":[1]},"t":"s"},{"m":{"#":[1]},"t":"t"},{"m":{"#":[1]},"t":"i"},{"m":{"#":[1]},"t":"o"},{"m":{"#":[1]},"t":"n"},{"m":{"#":[1]},"t":"s"},{"m":{"#":[1]},"t":":"},{"m":{"#":[1]},"t":" "}],"k":"8ph3u","t":"n","nT":"info","cBC":{"c":"#E73018","o":0.1},"cIC":{"c":"#E73018","o":1}},"90l4q":{"c":[{"m":{"#":[]},"t":"W"},{"m":{"#":[]},"t":"h"},{"m":{"#":[]},"t":"e"},{"m":{"#":[]},"t":"r"},{"m":{"#":[]},"t":"e"},{"m":{"#":[]},"t":" "},{"m":{"#":[]},"t":"a"},{"m":{"#":[]},"t":"r"},{"m":{"#":[]},"t":"e"},{"m":{"#":[]},"t":" "},{"m":{"#":[]},"t":"t"},{"m":{"#":[]},"t":"h"},{"m":{"#":[]},"t":"e"},{"m":{"#":[]},"t":" "},{"m":{"#":[]},"t":"f"},{"m":{"#":[]},"t":"i"},{"m":{"#":[]},"t":"r"},{"m":{"#":[]},"t":"e"},{"m":{"#":[]},"t":" "},{"m":{"#":[]},"t":"e"},{"m":{"#":[]},"t":"x"},{"m":{"#":[]},"t":"i"},{"m":{"#":[]},"t":"t"},{"m":{"#":[]},"t":"s"},{"m":{"#":[]},"t":"?"}],"k":"90l4q","t":"li","lT":"ul","lVT":"default"},"a8vhg":{"c":[{"m":{"#":[]},"t":"W"},{"m":{"#":[]},"t":"h"},{"m":{"#":[]},"t":"e"},{"m":{"#":[]},"t":"r"},{"m":{"#":[]},"t":"e"},{"m":{"#":[]},"t":" "},{"m":{"#":[]},"t":"a"},{"m":{"#":[]},"t":"m"},{"m":{"#":[]},"t":" "},{"m":{"#":[]},"t":"I"},{"m":{"#":[]},"t":"?"},{"m":{"#":[]},"t":" "}],"k":"a8vhg","t":"li","lT":"ul","lVT":"default"}},"o":["8ph3u","4voqe","43m3u","a8vhg","90l4q","7hvjm","2rjfc"]}},"nd":{"hh":[]}},"bfbs1":{"h":{"k":"","s":"","t":"Step 2. Call 9-1-1 ","ds":{"tc":"#323537","cis":null}},"k":"bfbs1","cs":{"b":{"B":{"1embm":{"c":[{"m":{"#":[1]},"t":"T"},{"m":{"#":[1]},"t":"h"},{"m":{"#":[1]},"t":"e"},{"m":{"#":[1]},"t":" "},{"m":{"#":[1]},"t":"q"},{"m":{"#":[1]},"t":"u"},{"m":{"#":[1]},"t":"i"},{"m":{"#":[1]},"t":"c"},{"m":{"#":[1]},"t":"k"},{"m":{"#":[1]},"t":"e"},{"m":{"#":[1]},"t":"r"},{"m":{"#":[1]},"t":" "},{"m":{"#":[1]},"t":"y"},{"m":{"#":[1]},"t":"o"},{"m":{"#":[1]},"t":"u"},{"m":{"#":[1]},"t":" "},{"m":{"#":[1]},"t":"c"},{"m":{"#":[1]},"t":"a"},{"m":{"#":[1]},"t":"l"},{"m":{"#":[1]},"t":"l"},{"m":{"#":[1]},"t":","},{"m":{"#":[1]},"t":" "},{"m":{"#":[1]},"t":"t"},{"m":{"#":[1]},"t":"h"},{"m":{"#":[1]},"t":"e"},{"m":{"#":[1]},"t":" "},{"m":{"#":[1]},"t":"m"},{"m":{"#":[1]},"t":"o"},{"m":{"#":[1]},"t":"r"},{"m":{"#":[1]},"t":"e"},{"m":{"#":[1]},"t":" "},{"m":{"#":[1]},"t":"c"},{"m":{"#":[1]},"t":"h"},{"m":{"#":[1]},"t":"a"},{"m":{"#":[1]},"t":"n"},{"m":{"#":[1]},"t":"c"},{"m":{"#":[1]},"t":"e"},{"m":{"#":[1]},"t":" "},{"m":{"#":[1]},"t":"y"},{"m":{"#":[1]},"t":"o"},{"m":{"#":[1]},"t":"u"},{"m":{"#":[1]},"t":" "},{"m":{"#":[1]},"t":"h"},{"m":{"#":[1]},"t":"a"},{"m":{"#":[1]},"t":"v"},{"m":{"#":[1]},"t":"e"},{"m":{"#":[1]},"t":" "},{"m":{"#":[1]},"t":"t"},{"m":{"#":[1]},"t":"o"},{"m":{"#":[1]},"t":" "},{"m":{"#":[1]},"t":"b"},{"m":{"#":[1]},"t":"e"},{"m":{"#":[1]},"t":" "},{"m":{"#":[1]},"t":"s"},{"m":{"#":[1]},"t":"a"},{"m":{"#":[1]},"t":"v"},{"m":{"#":[1]},"t":"e"},{"m":{"#":[1]},"t":"d"},{"m":{"#":[1]},"t":"."},{"m":{"#":[1]},"t":" "}],"k":"1embm","t":"n","nT":"info","cBC":null,"cIC":null},"6dk3t":{"a":"inner","k":"6dk3t","t":"c","is":[{"a":"inner","h":626,"k":"87bds","l":{"e":false,"v":""},"s":"data/islen-90914827/a565a0c9-32dc-11ef-b9d8-0eb40a360347.jpg","t":"i","w":626,"z":{"e":true},"cK":"6dk3t","ca":{"e":false,"v":[]},"fr":{"t":"none"},"iB":false,"rn":{"rd":"none"}}]},"6nrkg":{"c":[],"k":"6nrkg","t":"p","v":"text","tA":"left"},"7jvsj":{"c":[{"m":{"#":[1]},"t":"W"},{"m":{"#":[1]},"t":"h"},{"m":{"#":[1]},"t":"e"},{"m":{"#":[1]},"t":"n"},{"m":{"#":[1]},"t":" "},{"m":{"#":[1]},"t":"t"},{"m":{"#":[1]},"t":"o"},{"m":{"#":[1]},"t":" "},{"m":{"#":[1]},"t":"C"},{"m":{"#":[1]},"t":"a"},{"m":{"#":[1]},"t":"l"},{"m":{"#":[1]},"t":"l"},{"m":{"#":[1]},"t":" "},{"m":{"#":[1]},"t":"9"},{"m":{"#":[1]},"t":"1"},{"m":{"#":[1]},"t":"1"},{"m":{"#":[1]},"t":" "},{"m":{"#":[1]},"t":"i"},{"m":{"#":[1]},"t":"n"},{"m":{"#":[1]},"t":" "},{"m":{"#":[1]},"t":"C"},{"m":{"#":[1]},"t":"a"},{"m":{"#":[1]},"t":"s"},{"m":{"#":[1]},"t":"e"},{"m":{"#":[1]},"t":" "},{"m":{"#":[1]},"t":"o"},{"m":{"#":[1]},"t":"f"},{"m":{"#":[1]},"t":" "},{"m":{"#":[1]},"t":"F"},{"m":{"#":[1]},"t":"i"},{"m":{"#":[1]},"t":"r"},{"m":{"#":[1]},"t":"e"},{"m":{"#":[1]},"t":"."},{"m":{"#":[1]},"t":" "}],"k":"7jvsj","t":"p","v":"text","tA":"left","dCM":{"tS":{"b":true}}},"cob3a":{"a":"inner","k":"cob3a","m":[],"t":"t","cO":["6nhpf","d55cs"],"rM":{"3pft4":{"cM":{"6nhpf":{"C":{"c":[{"m":{"#":[1,"#","#","#323537"]},"t":"D"},{"m":{"#":[1,"#","#","#323537"]},"t":"i"},{"m":{"#":[1,"#","#","#323537"]},"t":"s"},{"m":{"#":[1,"#","#","#323537"]},"t":"c"},{"m":{"#":[1,"#","#","#323537"]},"t":"o"},{"m":{"#":[1,"#","#","#323537"]},"t":"v"},{"m":{"#":[1,"#","#","#323537"]},"t":"e"},{"m":{"#":[1,"#","#","#323537"]},"t":"r"},{"m":{"#":[1,"#","#","#323537"]},"t":"i"},{"m":{"#":[1,"#","#","#323537"]},"t":"n"},{"m":{"#":[1,"#","#","#323537"]},"t":"g"},{"m":{"#":[1,"#","#","#323537"]},"t":" "},{"m":{"#":[1,"#","#","#323537"]},"t":"a"},{"m":{"#":[1,"#","#","#323537"]},"t":" "},{"m":{"#":[1,"#","#","#323537"]},"t":"s"},{"m":{"#":[1,"#","#","#323537"]},"t":"m"},{"m":{"#":[1,"#","#","#323537"]},"t":"a"},{"m":{"#":[1,"#","#","#323537"]},"t":"l"},{"m":{"#":[1,"#","#","#323537"]},"t":"l"},{"m":{"#":[1,"#","#","#323537"]},"t":" "},{"m":{"#":[1,"#","#","#323537"]},"t":"f"},{"m":{"#":[1,"#","#","#323537"]},"t":"i"},{"m":{"#":[1,"#","#","#323537"]},"t":"r"},{"m":{"#":[1,"#","#","#323537"]},"t":"e"}],"k":"3n424","t":"p","v":"text","tA":"left"},"k":"dr4k","m":[{"n":"charactersMeta","md":{"#":[0,"#","#","#323537"]}},{"c":"#E73018","n":"backgroundColor"},{"n":"backgroundOpacity","o":0.2}],"vta":"top"},"d55cs":{"C":{"c":[{"m":{"#":[1,"#","#","#323537"]},"t":"I"},{"m":{"#":[1,"#","#","#323537"]},"t":"m"},{"m":{"#":[1,"#","#","#323537"]},"t":"m"},{"m":{"#":[1,"#","#","#323537"]},"t":"e"},{"m":{"#":[1,"#","#","#323537"]},"t":"d"},{"m":{"#":[1,"#","#","#323537"]},"t":"i"},{"m":{"#":[1,"#","#","#323537"]},"t":"a"},{"m":{"#":[1,"#","#","#323537"]},"t":"t"},{"m":{"#":[1,"#","#","#323537"]},"t":"e"},{"m":{"#":[1,"#","#","#323537"]},"t":"l"},{"m":{"#":[1,"#","#","#323537"]},"t":"y"},{"m":{"#":[1,"#","#","#323537"]},"t":" "},{"m":{"#":[1,"#","#","#323537"]},"t":"c"},{"m":{"#":[1,"#","#","#323537"]},"t":"a"},{"m":{"#":[1,"#","#","#323537"]},"t":"l"},{"m":{"#":[1,"#","#","#323537"]},"t":"l"},{"m":{"#":[1,"#","#","#323537"]},"t":" "},{"m":{"#":[1,"#","#","#323537"]},"t":"9"},{"m":{"#":[1,"#","#","#323537"]},"t":"1"},{"m":{"#":[1,"#","#","#323537"]},"t":"1"}],"k":"drlp2","t":"p","v":"text","tA":"left"},"k":"dn9ht","m":[{"n":"charactersMeta","md":{"#":[0,"#","#","#323537"]}},{"c":"#3CB46E","n":"backgroundColor"},{"n":"backgroundOpacity","o":0.2}],"vta":"top"}}},"4ai93":{"cM":{"6nhpf":{"C":{"c":[{"m":{"#":[1]},"t":"I"},{"m":{"#":[1]},"t":"f"},{"m":{"#":[1]},"t":" "},{"m":{"#":[1]},"t":"s"},{"m":{"#":[1]},"t":"o"},{"m":{"#":[1]},"t":"m"},{"m":{"#":[1]},"t":"e"},{"m":{"#":[1]},"t":"o"},{"m":{"#":[1]},"t":"n"},{"m":{"#":[1]},"t":"e"},{"m":{"#":[1]},"t":" "},{"m":{"#":[1]},"t":"i"},{"m":{"#":[1]},"t":"s"},{"m":{"#":[1]},"t":" "},{"m":{"#":[1]},"t":"i"},{"m":{"#":[1]},"t":"n"},{"m":{"#":[1]},"t":"j"},{"m":{"#":[1]},"t":"u"},{"m":{"#":[1]},"t":"r"},{"m":{"#":[1]},"t":"e"},{"m":{"#":[1]},"t":"d"}],"k":"e2nun","t":"p","v":"text","tA":"left"},"k":"9b9e","m":[{"c":"#E73018","n":"backgroundColor"},{"n":"backgroundOpacity","o":0.2}],"vta":"top"},"d55cs":{"C":{"c":[{"m":{"#":[1]},"t":"C"},{"m":{"#":[1]},"t":"a"},{"m":{"#":[1]},"t":"l"},{"m":{"#":[1]},"t":"l"},{"m":{"#":[1]},"t":" "},{"m":{"#":[1]},"t":"9"},{"m":{"#":[1]},"t":"1"},{"m":{"#":[1]},"t":"1"},{"m":{"#":[1]},"t":" "},{"m":{"#":[1]},"t":"a"},{"m":{"#":[1]},"t":"n"},{"m":{"#":[1]},"t":"d"},{"m":{"#":[1]},"t":" "},{"m":{"#":[1]},"t":"p"},{"m":{"#":[1]},"t":"r"},{"m":{"#":[1]},"t":"o"},{"m":{"#":[1]},"t":"v"},{"m":{"#":[1]},"t":"i"},{"m":{"#":[1]},"t":"d"},{"m":{"#":[1]},"t":"e"},{"m":{"#":[1]},"t":" "},{"m":{"#":[1]},"t":"f"},{"m":{"#":[1]},"t":"i"},{"m":{"#":[1]},"t":"r"},{"m":{"#":[1]},"t":"s"},{"m":{"#":[1]},"t":"t"},{"m":{"#":[1]},"t":" "},{"m":{"#":[1]},"t":"a"},{"m":{"#":[1]},"t":"i"},{"m":{"#":[1]},"t":"d"}],"k":"6tpk2","t":"p","v":"text","tA":"left"},"k":"epr3k","m":[{"c":"#3CB46E","n":"backgroundColor"},{"n":"backgroundOpacity","o":0.2}],"vta":"top"}}},"5qhgd":{"cM":{"6nhpf":{"C":{"c":[{"m":{"#":[1]},"t":"U"},{"m":{"#":[1]},"t":"n"},{"m":{"#":[1]},"t":"a"},{"m":{"#":[1]},"t":"b"},{"m":{"#":[1]},"t":"l"},{"m":{"#":[1]},"t":"e"},{"m":{"#":[1]},"t":" "},{"m":{"#":[1]},"t":"t"},{"m":{"#":[1]},"t":"o"},{"m":{"#":[1]},"t":" "},{"m":{"#":[1]},"t":"c"},{"m":{"#":[1]},"t":"o"},{"m":{"#":[1]},"t":"n"},{"m":{"#":[1]},"t":"t"},{"m":{"#":[1]},"t":"r"},{"m":{"#":[1]},"t":"o"},{"m":{"#":[1]},"t":"l"},{"m":{"#":[1]},"t":" "},{"m":{"#":[1]},"t":"t"},{"m":{"#":[1]},"t":"h"},{"m":{"#":[1]},"t":"e"},{"m":{"#":[1]},"t":" "},{"m":{"#":[1]},"t":"f"},{"m":{"#":[1]},"t":"i"},{"m":{"#":[1]},"t":"r"},{"m":{"#":[1]},"t":"e"}],"k":"dsvaa","t":"p","v":"text","tA":"left"},"k":"d64t5","m":[{"c":"#E73018","n":"backgroundColor"},{"n":"backgroundOpacity","o":0.2}],"vta":"top"},"d55cs":{"C":{"c":[{"m":{"#":[1]},"t":"E"},{"m":{"#":[1]},"t":"v"},{"m":{"#":[1]},"t":"a"},{"m":{"#":[1]},"t":"c"},{"m":{"#":[1]},"t":"u"},{"m":{"#":[1]},"t":"a"},{"m":{"#":[1]},"t":"t"},{"m":{"#":[1]},"t":"e"},{"m":{"#":[1]},"t":" "},{"m":{"#":[1]},"t":"t"},{"m":{"#":[1]},"t":"h"},{"m":{"#":[1]},"t":"e"},{"m":{"#":[1]},"t":" "},{"m":{"#":[1]},"t":"a"},{"m":{"#":[1]},"t":"r"},{"m":{"#":[1]},"t":"e"},{"m":{"#":[1]},"t":"a"},{"m":{"#":[1]},"t":" "},{"m":{"#":[1]},"t":"a"},{"m":{"#":[1]},"t":"n"},{"m":{"#":[1]},"t":"d"},{"m":{"#":[1]},"t":" "},{"m":{"#":[1]},"t":"c"},{"m":{"#":[1]},"t":"a"},{"m":{"#":[1]},"t":"l"},{"m":{"#":[1]},"t":"l"},{"m":{"#":[1]},"t":" "},{"m":{"#":[1]},"t":"9"},{"m":{"#":[1]},"t":"1"},{"m":{"#":[1]},"t":"1"}],"k":"1oceh","t":"p","v":"text","tA":"left"},"k":"37v9e","m":[{"c":"#3CB46E","n":"backgroundColor"},{"n":"backgroundOpacity","o":0.2}],"vta":"top"}}},"7koct":{"cM":{"6nhpf":{"C":{"c":[{"m":{"#":[1]},"t":"S"},{"m":{"#":[1]},"t":"i"},{"m":{"#":[1]},"t":"t"},{"m":{"#":[1]},"t":"u"},{"m":{"#":[1]},"t":"a"},{"m":{"#":[1]},"t":"t"},{"m":{"#":[1]},"t":"i"},{"m":{"#":[1]},"t":"o"},{"m":{"#":[1]},"t":"n"}],"k":"18p8h","t":"p","v":"text","tA":"left"},"k":"l7cf","m":[{"c":"#E73018","n":"backgroundColor"},{"n":"backgroundOpacity","o":0.2}],"vta":"top"},"d55cs":{"C":{"c":[{"m":{"#":[1]},"t":"A"},{"m":{"#":[1]},"t":"c"},{"m":{"#":[1]},"t":"t"},{"m":{"#":[1]},"t":"i"},{"m":{"#":[1]},"t":"o"},{"m":{"#":[1]},"t":"n"}],"k":"3tq1i","t":"p","v":"text","tA":"left"},"k":"4m9pc","m":[{"c":"#3CB46E","n":"backgroundColor"},{"n":"backgroundOpacity","o":0.2}],"vta":"top"}}},"cousl":{"cM":{"6nhpf":{"C":{"c":[{"m":{"#":[1]},"t":"W"},{"m":{"#":[1]},"t":"h"},{"m":{"#":[1]},"t":"e"},{"m":{"#":[1]},"t":"n"},{"m":{"#":[1]},"t":" "},{"m":{"#":[1]},"t":"s"},{"m":{"#":[1]},"t":"m"},{"m":{"#":[1]},"t":"o"},{"m":{"#":[1]},"t":"k"},{"m":{"#":[1]},"t":"e"},{"m":{"#":[1]},"t":" "},{"m":{"#":[1]},"t":"i"},{"m":{"#":[1]},"t":"s"},{"m":{"#":[1]},"t":" "},{"m":{"#":[1]},"t":"o"},{"m":{"#":[1]},"t":"v"},{"m":{"#":[1]},"t":"e"},{"m":{"#":[1]},"t":"r"},{"m":{"#":[1]},"t":"w"},{"m":{"#":[1]},"t":"h"},{"m":{"#":[1]},"t":"e"},{"m":{"#":[1]},"t":"l"},{"m":{"#":[1]},"t":"m"},{"m":{"#":[1]},"t":"i"},{"m":{"#":[1]},"t":"n"},{"m":{"#":[1]},"t":"g"}],"k":"5duef","t":"p","v":"text","tA":"left"},"k":"2fc6v","m":[{"c":"#E73018","n":"backgroundColor"},{"n":"backgroundOpacity","o":0.2}],"vta":"top"},"d55cs":{"C":{"c":[{"m":{"#":[1]},"t":"L"},{"m":{"#":[1]},"t":"e"},{"m":{"#":[1]},"t":"a"},{"m":{"#":[1]},"t":"v"},{"m":{"#":[1]},"t":"e"},{"m":{"#":[1]},"t":" "},{"m":{"#":[1]},"t":"t"},{"m":{"#":[1]},"t":"h"},{"m":{"#":[1]},"t":"e"},{"m":{"#":[1]},"t":" "},{"m":{"#":[1]},"t":"b"},{"m":{"#":[1]},"t":"u"},{"m":{"#":[1]},"t":"i"},{"m":{"#":[1]},"t":"l"},{"m":{"#":[1]},"t":"d"},{"m":{"#":[1]},"t":"i"},{"m":{"#":[1]},"t":"n"},{"m":{"#":[1]},"t":"g"},{"m":{"#":[1]},"t":" "},{"m":{"#":[1]},"t":"a"},{"m":{"#":[1]},"t":"n"},{"m":{"#":[1]},"t":"d"},{"m":{"#":[1]},"t":" "},{"m":{"#":[1]},"t":"c"},{"m":{"#":[1]},"t":"a"},{"m":{"#":[1]},"t":"l"},{"m":{"#":[1]},"t":"l"},{"m":{"#":[1]},"t":" "},{"m":{"#":[1]},"t":"9"},{"m":{"#":[1]},"t":"1"},{"m":{"#":[1]},"t":"1"}],"k":"f6ub9","t":"p","v":"text","tA":"left"},"k":"35og4","m":[{"c":"#3CB46E","n":"backgroundColor"},{"n":"backgroundOpacity","o":0.2}],"vta":"top"}}}},"rO":["7koct","3pft4","5qhgd","4ai93","cousl"]}},"o":["1embm","7jvsj","6dk3t","cob3a","6nrkg"]}},"nd":{"hh":[]}},"1788t":{"h":{"k":"","s":"","t":"Step 3. Take Measures ","ds":{"tc":"#323537","cis":null}},"k":"1788t","cs":{"b":{"B":{"fhpt":{"a":"inner","k":"fhpt","t":"c","is":[{"a":"inner","h":4024,"k":"99elc","l":{"e":false,"v":""},"s":"data/islen-90914827/7c83cba6-33ac-11ef-ba38-0eb40a360347.jpg","t":"i","w":6024,"z":{"e":true},"cK":"fhpt","ca":{"e":false,"v":[]},"fr":{"t":"none"},"iB":false,"rn":{"rd":"none"}}]},"2r7cl":{"c":[],"k":"2r7cl","t":"p","v":"text","tA":"left"},"893m2":{"c":[{"m":{"#":[]},"t":"T"},{"m":{"#":[]},"t":"u"},{"m":{"#":[]},"t":"r"},{"m":{"#":[]},"t":"n"},{"m":{"#":[]},"t":" "},{"m":{"#":[]},"t":"o"},{"m":{"#":[]},"t":"f"},{"m":{"#":[]},"t":"f"},{"m":{"#":[]},"t":" "},{"m":{"#":[]},"t":"t"},{"m":{"#":[]},"t":"h"},{"m":{"#":[]},"t":"e"},{"m":{"#":[]},"t":" "},{"m":{"#":[]},"t":"e"},{"m":{"#":[]},"t":"l"},{"m":{"#":[]},"t":"e"},{"m":{"#":[]},"t":"c"},{"m":{"#":[]},"t":"t"},{"m":{"#":[]},"t":"r"},{"m":{"#":[]},"t":"i"},{"m":{"#":[]},"t":"c"},{"m":{"#":[]},"t":"i"},{"m":{"#":[]},"t":"t"},{"m":{"#":[]},"t":"y"},{"m":{"#":[]},"t":" "},{"m":{"#":[]},"t":"i"},{"m":{"#":[]},"t":"n"},{"m":{"#":[]},"t":" "},{"m":{"#":[]},"t":"t"},{"m":{"#":[]},"t":"h"},{"m":{"#":[]},"t":"e"},{"m":{"#":[]},"t":" "},{"m":{"#":[]},"t":"b"},{"m":{"#":[]},"t":"u"},{"m":{"#":[]},"t":"i"},{"m":{"#":[]},"t":"l"},{"m":{"#":[]},"t":"d"},{"m":{"#":[]},"t":"i"},{"m":{"#":[]},"t":"n"},{"m":{"#":[]},"t":"g"},{"m":{"#":[]},"t":" "},{"m":{"#":[]},"t":"i"},{"m":{"#":[]},"t":"f"},{"m":{"#":[]},"t":" "},{"m":{"#":[]},"t":"y"},{"m":{"#":[]},"t":"o"},{"m":{"#":[]},"t":"u"},{"m":{"#":[]},"t":" "},{"m":{"#":[]},"t":"c"},{"m":{"#":[]},"t":"a"},{"m":{"#":[]},"t":"n"},{"m":{"#":[]},"t":"."},{"m":{"#":[]},"t":" "},{"m":{"#":[]},"t":"I"},{"m":{"#":[]},"t":"f"},{"m":{"#":[]},"t":" "},{"m":{"#":[]},"t":"t"},{"m":{"#":[]},"t":"h"},{"m":{"#":[]},"t":"e"},{"m":{"#":[]},"t":" "},{"m":{"#":[]},"t":"f"},{"m":{"#":[]},"t":"i"},{"m":{"#":[]},"t":"r"},{"m":{"#":[]},"t":"e"},{"m":{"#":[]},"t":" "},{"m":{"#":[]},"t":"h"},{"m":{"#":[]},"t":"a"},{"m":{"#":[]},"t":"s"},{"m":{"#":[]},"t":" "},{"m":{"#":[]},"t":"j"},{"m":{"#":[]},"t":"u"},{"m":{"#":[]},"t":"s"},{"m":{"#":[]},"t":"t"},{"m":{"#":[]},"t":" "},{"m":{"#":[]},"t":"s"},{"m":{"#":[]},"t":"t"},{"m":{"#":[]},"t":"a"},{"m":{"#":[]},"t":"r"},{"m":{"#":[]},"t":"t"},{"m":{"#":[]},"t":"e"},{"m":{"#":[]},"t":"d"},{"m":{"#":[]},"t":" "},{"m":{"#":[]},"t":"a"},{"m":{"#":[]},"t":"n"},{"m":{"#":[]},"t":"d"},{"m":{"#":[]},"t":" "},{"m":{"#":[]},"t":"h"},{"m":{"#":[]},"t":"a"},{"m":{"#":[]},"t":"s"},{"m":{"#":[]},"t":"n"},{"m":{"#":[]},"t":"’"},{"m":{"#":[]},"t":"t"},{"m":{"#":[]},"t":" "},{"m":{"#":[]},"t":"s"},{"m":{"#":[]},"t":"p"},{"m":{"#":[]},"t":"r"},{"m":{"#":[]},"t":"e"},{"m":{"#":[]},"t":"a"},{"m":{"#":[]},"t":"d"},{"m":{"#":[]},"t":" "},{"m":{"#":[]},"t":"t"},{"m":{"#":[]},"t":"o"},{"m":{"#":[]},"t":" "},{"m":{"#":[]},"t":"t"},{"m":{"#":[]},"t":"h"},{"m":{"#":[]},"t":"e"},{"m":{"#":[]},"t":" "},{"m":{"#":[]},"t":"f"},{"m":{"#":[]},"t":"u"},{"m":{"#":[]},"t":"r"},{"m":{"#":[]},"t":"n"},{"m":{"#":[]},"t":"i"},{"m":{"#":[]},"t":"t"},{"m":{"#":[]},"t":"u"},{"m":{"#":[]},"t":"r"},{"m":{"#":[]},"t":"e"},{"m":{"#":[]},"t":" "},{"m":{"#":[]},"t":"a"},{"m":{"#":[]},"t":"n"},{"m":{"#":[]},"t":"d"},{"m":{"#":[]},"t":" "},{"m":{"#":[]},"t":"w"},{"m":{"#":[]},"t":"a"},{"m":{"#":[]},"t":"l"},{"m":{"#":[]},"t":"l"},{"m":{"#":[]},"t":"s"},{"m":{"#":[]},"t":","},{"m":{"#":[]},"t":" "},{"m":{"#":[]},"t":"t"},{"m":{"#":[]},"t":"r"},{"m":{"#":[]},"t":"y"},{"m":{"#":[]},"t":" "},{"m":{"#":[]},"t":"t"},{"m":{"#":[]},"t":"o"},{"m":{"#":[]},"t":" "},{"m":{"#":[]},"t":"d"},{"m":{"#":[]},"t":"o"},{"m":{"#":[]},"t":"u"},{"m":{"#":[]},"t":"s"},{"m":{"#":[]},"t":"e"},{"m":{"#":[]},"t":" "},{"m":{"#":[]},"t":"t"},{"m":{"#":[]},"t":"h"},{"m":{"#":[]},"t":"e"},{"m":{"#":[]},"t":" "},{"m":{"#":[]},"t":"f"},{"m":{"#":[]},"t":"l"},{"m":{"#":[]},"t":"a"},{"m":{"#":[]},"t":"m"},{"m":{"#":[]},"t":"e"},{"m":{"#":[]},"t":"s"},{"m":{"#":[]},"t":" "},{"m":{"#":[]},"t":"o"},{"m":{"#":[]},"t":"n"},{"m":{"#":[]},"t":" "},{"m":{"#":[]},"t":"y"},{"m":{"#":[]},"t":"o"},{"m":{"#":[]},"t":"u"},{"m":{"#":[]},"t":"r"},{"m":{"#":[]},"t":" "},{"m":{"#":[]},"t":"o"},{"m":{"#":[]},"t":"w"},{"m":{"#":[]},"t":"n"},{"m":{"#":[]},"t":"."}],"k":"893m2","t":"p","v":"text","tA":"left"}},"o":["893m2","fhpt","2r7cl"]}},"nd":{"hh":[]}},"k1cn":{"h":{"k":"","s":"","t":"Step 4. Leave the Building ","ds":{"tc":"#323537","cis":null}},"k":"k1cn","cs":{"b":{"B":{"58bn9":{"c":[{"m":{"#":[0,"#","#","#","noColor"]},"t":" "},{"m":{"#":[0,"#","#","#","noColor"]},"t":"p"},{"m":{"#":[0,"#","#","#","noColor"]},"t":"r"},{"m":{"#":[0,"#","#","#","noColor"]},"t":"e"},{"m":{"#":[0,"#","#","#","noColor"]},"t":"s"},{"m":{"#":[0,"#","#","#","noColor"]},"t":"s"},{"m":{"#":[0,"#","#","#","noColor"]},"t":" "},{"m":{"#":[0,"#","#","#","noColor"]},"t":"i"},{"m":{"#":[0,"#","#","#","noColor"]},"t":"t"},{"m":{"#":[0,"#","#","#","noColor"]},"t":" "},{"m":{"#":[0,"#","#","#","noColor"]},"t":"t"},{"m":{"#":[0,"#","#","#","noColor"]},"t":"o"},{"m":{"#":[0,"#","#","#","noColor"]},"t":" "},{"m":{"#":[0,"#","#","#","noColor"]},"t":"y"},{"m":{"#":[0,"#","#","#","noColor"]},"t":"o"},{"m":{"#":[0,"#","#","#","noColor"]},"t":"u"},{"m":{"#":[0,"#","#","#","noColor"]},"t":"r"},{"m":{"#":[0,"#","#","#","noColor"]},"t":" "},{"m":{"#":[0,"#","#","#","noColor"]},"t":"f"},{"m":{"#":[0,"#","#","#","noColor"]},"t":"a"},{"m":{"#":[0,"#","#","#","noColor"]},"t":"c"},{"m":{"#":[0,"#","#","#","noColor"]},"t":"e"},{"m":{"#":[0,"#","#","#","noColor"]},"t":" "},{"m":{"#":[0,"#","#","#","noColor"]},"t":"o"},{"m":{"#":[0,"#","#","#","noColor"]},"t":"r"},{"m":{"#":[0,"#","#","#","noColor"]},"t":" "},{"m":{"#":[0,"#","#","#","noColor"]},"t":"t"},{"m":{"#":[0,"#","#","#","noColor"]},"t":"i"},{"m":{"#":[0,"#","#","#","noColor"]},"t":"e"},{"m":{"#":[0,"#","#","#","noColor"]},"t":" "},{"m":{"#":[0,"#","#","#","noColor"]},"t":"i"},{"m":{"#":[0,"#","#","#","noColor"]},"t":"t"},{"m":{"#":[0,"#","#","#","noColor"]},"t":" "},{"m":{"#":[0,"#","#","#","noColor"]},"t":"a"},{"m":{"#":[0,"#","#","#","noColor"]},"t":"r"},{"m":{"#":[0,"#","#","#","noColor"]},"t":"o"},{"m":{"#":[0,"#","#","#","noColor"]},"t":"u"},{"m":{"#":[0,"#","#","#","noColor"]},"t":"n"},{"m":{"#":[0,"#","#","#","noColor"]},"t":"d"},{"m":{"#":[0,"#","#","#","noColor"]},"t":" "},{"m":{"#":[0,"#","#","#","noColor"]},"t":"y"},{"m":{"#":[0,"#","#","#","noColor"]},"t":"o"},{"m":{"#":[0,"#","#","#","noColor"]},"t":"u"},{"m":{"#":[0,"#","#","#","noColor"]},"t":"r"},{"m":{"#":[0,"#","#","#","noColor"]},"t":" "},{"m":{"#":[0,"#","#","#","noColor"]},"t":"h"},{"m":{"#":[0,"#","#","#","noColor"]},"t":"e"},{"m":{"#":[0,"#","#","#","noColor"]},"t":"a"},{"m":{"#":[0,"#","#","#","noColor"]},"t":"d"},{"m":{"#":[0,"#","#","#","noColor"]},"t":"."},{"m":{"#":[0,"#","#","#","noColor"]},"t":" "}],"k":"58bn9","t":"n","nT":"bulb","cBC":null,"cIC":{"c":"#E73018","o":1}},"62j7k":{"c":[],"k":"62j7k","t":"p","v":"text","tA":"left"},"62piq":{"c":[{"m":{"#":[]},"t":"R"},{"m":{"#":[]},"t":"e"},{"m":{"#":[]},"t":"m"},{"m":{"#":[]},"t":"e"},{"m":{"#":[]},"t":"m"},{"m":{"#":[]},"t":"b"},{"m":{"#":[]},"t":"e"},{"m":{"#":[]},"t":"r"},{"m":{"#":[]},"t":"!"},{"m":{"#":[]},"t":" "},{"m":{"#":[]},"t":"S"},{"m":{"#":[]},"t":"m"},{"m":{"#":[]},"t":"o"},{"m":{"#":[]},"t":"k"},{"m":{"#":[]},"t":"e"},{"m":{"#":[]},"t":" "},{"m":{"#":[]},"t":"b"},{"m":{"#":[]},"t":"u"},{"m":{"#":[]},"t":"i"},{"m":{"#":[]},"t":"l"},{"m":{"#":[]},"t":"d"},{"m":{"#":[]},"t":"s"},{"m":{"#":[]},"t":" "},{"m":{"#":[]},"t":"u"},{"m":{"#":[]},"t":"p"},{"m":{"#":[]},"t":" "},{"m":{"#":[]},"t":"i"},{"m":{"#":[]},"t":"n"},{"m":{"#":[]},"t":" "},{"m":{"#":[]},"t":"t"},{"m":{"#":[]},"t":"h"},{"m":{"#":[]},"t":"e"},{"m":{"#":[]},"t":" "},{"m":{"#":[]},"t":"u"},{"m":{"#":[]},"t":"p"},{"m":{"#":[]},"t":"p"},{"m":{"#":[]},"t":"e"},{"m":{"#":[]},"t":"r"},{"m":{"#":[]},"t":" "},{"m":{"#":[]},"t":"p"},{"m":{"#":[]},"t":"a"},{"m":{"#":[]},"t":"r"},{"m":{"#":[]},"t":"t"},{"m":{"#":[]},"t":" "},{"m":{"#":[]},"t":"o"},{"m":{"#":[]},"t":"f"},{"m":{"#":[]},"t":" "},{"m":{"#":[]},"t":"a"},{"m":{"#":[]},"t":" "},{"m":{"#":[]},"t":"r"},{"m":{"#":[]},"t":"o"},{"m":{"#":[]},"t":"o"},{"m":{"#":[]},"t":"m"},{"m":{"#":[]},"t":","},{"m":{"#":[]},"t":" "},{"m":{"#":[]},"t":"s"},{"m":{"#":[]},"t":"o"},{"m":{"#":[]},"t":" "},{"m":{"#":[]},"t":"g"},{"m":{"#":[]},"t":"e"},{"m":{"#":[]},"t":"t"},{"m":{"#":[]},"t":" "},{"m":{"#":[]},"t":"a"},{"m":{"#":[]},"t":"s"},{"m":{"#":[]},"t":" "},{"m":{"#":[]},"t":"l"},{"m":{"#":[]},"t":"o"},{"m":{"#":[]},"t":"w"},{"m":{"#":[]},"t":" "},{"m":{"#":[]},"t":"a"},{"m":{"#":[]},"t":"s"},{"m":{"#":[]},"t":" "},{"m":{"#":[]},"t":"y"},{"m":{"#":[]},"t":"o"},{"m":{"#":[]},"t":"u"},{"m":{"#":[]},"t":" "},{"m":{"#":[]},"t":"c"},{"m":{"#":[]},"t":"a"},{"m":{"#":[]},"t":"n"},{"m":{"#":[]},"t":"."}],"k":"62piq","t":"n","nT":"bulb","cBC":null,"cIC":null},"a0v34":{"c":[{"m":{"#":[]},"t":"I"},{"m":{"#":[]},"t":"f"},{"m":{"#":[]},"t":" "},{"m":{"#":[]},"t":"y"},{"m":{"#":[]},"t":"o"},{"m":{"#":[]},"t":"u"},{"m":{"#":[]},"t":" "},{"m":{"#":[]},"t":"f"},{"m":{"#":[]},"t":"a"},{"m":{"#":[]},"t":"i"},{"m":{"#":[]},"t":"l"},{"m":{"#":[]},"t":"e"},{"m":{"#":[]},"t":"d"},{"m":{"#":[]},"t":" "},{"m":{"#":[]},"t":"t"},{"m":{"#":[]},"t":"o"},{"m":{"#":[]},"t":" "},{"m":{"#":[]},"t":"s"},{"m":{"#":[]},"t":"u"},{"m":{"#":[]},"t":"p"},{"m":{"#":[]},"t":"p"},{"m":{"#":[]},"t":"r"},{"m":{"#":[]},"t":"e"},{"m":{"#":[]},"t":"s"},{"m":{"#":[]},"t":"s"},{"m":{"#":[]},"t":" "},{"m":{"#":[]},"t":"t"},{"m":{"#":[]},"t":"h"},{"m":{"#":[]},"t":"e"},{"m":{"#":[]},"t":" "},{"m":{"#":[]},"t":"f"},{"m":{"#":[]},"t":"i"},{"m":{"#":[]},"t":"r"},{"m":{"#":[]},"t":"e"},{"m":{"#":[]},"t":","},{"m":{"#":[]},"t":" "},{"m":{"#":[]},"t":"h"},{"m":{"#":[]},"t":"u"},{"m":{"#":[]},"t":"r"},{"m":{"#":[]},"t":"r"},{"m":{"#":[]},"t":"y"},{"m":{"#":[]},"t":" "},{"m":{"#":[]},"t":"t"},{"m":{"#":[]},"t":"o"},{"m":{"#":[]},"t":" "},{"m":{"#":[]},"t":"t"},{"m":{"#":[]},"t":"h"},{"m":{"#":[]},"t":"e"},{"m":{"#":[]},"t":" "},{"m":{"#":[]},"t":"n"},{"m":{"#":[]},"t":"e"},{"m":{"#":[]},"t":"a"},{"m":{"#":[]},"t":"r"},{"m":{"#":[]},"t":"e"},{"m":{"#":[]},"t":"s"},{"m":{"#":[]},"t":"t"},{"m":{"#":[]},"t":" "},{"m":{"#":[]},"t":"f"},{"m":{"#":[]},"t":"i"},{"m":{"#":[]},"t":"r"},{"m":{"#":[]},"t":"e"},{"m":{"#":[]},"t":" "},{"m":{"#":[]},"t":"e"},{"m":{"#":[]},"t":"x"},{"m":{"#":[]},"t":"i"},{"m":{"#":[]},"t":"t"},{"m":{"#":[]},"t":"."},{"m":{"#":[]},"t":" "},{"m":{"#":[]},"t":"F"},{"m":{"#":[]},"t":"o"},{"m":{"#":[]},"t":"l"},{"m":{"#":[]},"t":"l"},{"m":{"#":[]},"t":"o"},{"m":{"#":[]},"t":"w"},{"m":{"#":[]},"t":" "},{"m":{"#":[]},"t":"t"},{"m":{"#":[]},"t":"h"},{"m":{"#":[]},"t":"e"},{"m":{"#":[]},"t":" "},{"m":{"#":[]},"t":"e"},{"m":{"#":[]},"t":"v"},{"m":{"#":[]},"t":"a"},{"m":{"#":[]},"t":"c"},{"m":{"#":[]},"t":"u"},{"m":{"#":[]},"t":"a"},{"m":{"#":[]},"t":"t"},{"m":{"#":[]},"t":"i"},{"m":{"#":[]},"t":"o"},{"m":{"#":[]},"t":"n"},{"m":{"#":[]},"t":" "},{"m":{"#":[]},"t":"s"},{"m":{"#":[]},"t":"i"},{"m":{"#":[]},"t":"g"},{"m":{"#":[]},"t":"n"},{"m":{"#":[]},"t":"s"},{"m":{"#":[]},"t":","},{"m":{"#":[]},"t":" "},{"m":{"#":[]},"t":"i"},{"m":{"#":[]},"t":"n"},{"m":{"#":[]},"t":"c"},{"m":{"#":[]},"t":"l"},{"m":{"#":[]},"t":"u"},{"m":{"#":[]},"t":"d"},{"m":{"#":[]},"t":"i"},{"m":{"#":[]},"t":"n"},{"m":{"#":[]},"t":"g"},{"m":{"#":[]},"t":" "},{"m":{"#":[]},"t":"s"},{"m":{"#":[]},"t":"i"},{"m":{"#":[]},"t":"g"},{"m":{"#":[]},"t":"n"},{"m":{"#":[]},"t":"a"},{"m":{"#":[]},"t":"l"},{"m":{"#":[]},"t":"s"},{"m":{"#":[]},"t":" "},{"m":{"#":[]},"t":"o"},{"m":{"#":[]},"t":"n"},{"m":{"#":[]},"t":" "},{"m":{"#":[]},"t":"w"},{"m":{"#":[]},"t":"a"},{"m":{"#":[]},"t":"l"},{"m":{"#":[]},"t":"l"},{"m":{"#":[]},"t":"s"},{"m":{"#":[]},"t":" "},{"m":{"#":[]},"t":"a"},{"m":{"#":[]},"t":"n"},{"m":{"#":[]},"t":"d"},{"m":{"#":[]},"t":" "},{"m":{"#":[]},"t":"a"},{"m":{"#":[]},"t":"b"},{"m":{"#":[]},"t":"o"},{"m":{"#":[]},"t":"v"},{"m":{"#":[]},"t":"e"},{"m":{"#":[]},"t":" "},{"m":{"#":[]},"t":"d"},{"m":{"#":[]},"t":"o"},{"m":{"#":[]},"t":"o"},{"m":{"#":[]},"t":"r"},{"m":{"#":[]},"t":"s"},{"m":{"#":[]},"t":"."},{"m":{"#":[]},"t":" "}],"k":"a0v34","t":"p","v":"text","tA":"left"},"b0t4o":{"c":[{"m":{"#":[1]},"t":" "},{"m":{"#":[]},"t":"W"},{"m":{"#":[]},"t":"a"},{"m":{"#":[]},"t":"r"},{"m":{"#":[]},"t":"n"},{"m":{"#":[]},"t":"i"},{"m":{"#":[]},"t":"n"},{"m":{"#":[]},"t":"g"},{"m":{"#":[]},"t":"!"},{"m":{"#":[]},"t":" "},{"m":{"#":[]},"t":"D"},{"m":{"#":[]},"t":"o"},{"m":{"#":[]},"t":"n"},{"m":{"#":[]},"t":"’"},{"m":{"#":[]},"t":"t"},{"m":{"#":[]},"t":" "},{"m":{"#":[]},"t":"u"},{"m":{"#":[]},"t":"s"},{"m":{"#":[]},"t":"e"},{"m":{"#":[]},"t":" "},{"m":{"#":[]},"t":"a"},{"m":{"#":[]},"t":"n"},{"m":{"#":[]},"t":" "},{"m":{"#":[]},"t":"e"},{"m":{"#":[]},"t":"l"},{"m":{"#":[]},"t":"e"},{"m":{"#":[]},"t":"v"},{"m":{"#":[]},"t":"a"},{"m":{"#":[]},"t":"t"},{"m":{"#":[]},"t":"o"},{"m":{"#":[]},"t":"r"},{"m":{"#":[]},"t":"."},{"m":{"#":[]},"t":" "},{"m":{"#":[]},"t":"F"},{"m":{"#":[]},"t":"i"},{"m":{"#":[]},"t":"r"},{"m":{"#":[]},"t":"e"},{"m":{"#":[]},"t":" "},{"m":{"#":[]},"t":"c"},{"m":{"#":[]},"t":"a"},{"m":{"#":[]},"t":"n"},{"m":{"#":[]},"t":" "},{"m":{"#":[]},"t":"c"},{"m":{"#":[]},"t":"a"},{"m":{"#":[]},"t":"u"},{"m":{"#":[]},"t":"s"},{"m":{"#":[]},"t":"e"},{"m":{"#":[]},"t":" "},{"m":{"#":[]},"t":"a"},{"m":{"#":[]},"t":"n"},{"m":{"#":[]},"t":" "},{"m":{"#":[]},"t":"e"},{"m":{"#":[]},"t":"l"},{"m":{"#":[]},"t":"e"},{"m":{"#":[]},"t":"c"},{"m":{"#":[]},"t":"t"},{"m":{"#":[]},"t":"r"},{"m":{"#":[]},"t":"i"},{"m":{"#":[]},"t":"c"},{"m":{"#":[]},"t":"i"},{"m":{"#":[]},"t":"t"},{"m":{"#":[]},"t":"y"},{"m":{"#":[]},"t":" "},{"m":{"#":[]},"t":"b"},{"m":{"#":[]},"t":"l"},{"m":{"#":[]},"t":"a"},{"m":{"#":[]},"t":"c"},{"m":{"#":[]},"t":"k"},{"m":{"#":[]},"t":"o"},{"m":{"#":[]},"t":"u"},{"m":{"#":[]},"t":"t"},{"m":{"#":[]},"t":" "},{"m":{"#":[]},"t":"a"},{"m":{"#":[]},"t":"t"},{"m":{"#":[]},"t":" "},{"m":{"#":[]},"t":"a"},{"m":{"#":[]},"t":"n"},{"m":{"#":[]},"t":"y"},{"m":{"#":[]},"t":" "},{"m":{"#":[]},"t":"m"},{"m":{"#":[]},"t":"o"},{"m":{"#":[]},"t":"m"},{"m":{"#":[]},"t":"e"},{"m":{"#":[]},"t":"n"},{"m":{"#":[]},"t":"t"},{"m":{"#":[]},"t":" "},{"m":{"#":[]},"t":"a"},{"m":{"#":[]},"t":"n"},{"m":{"#":[]},"t":"d"},{"m":{"#":[]},"t":" "},{"m":{"#":[]},"t":"y"},{"m":{"#":[]},"t":"o"},{"m":{"#":[]},"t":"u"},{"m":{"#":[]},"t":" "},{"m":{"#":[]},"t":"m"},{"m":{"#":[]},"t":"i"},{"m":{"#":[]},"t":"g"},{"m":{"#":[]},"t":"h"},{"m":{"#":[]},"t":"t"},{"m":{"#":[]},"t":" "},{"m":{"#":[]},"t":"g"},{"m":{"#":[]},"t":"e"},{"m":{"#":[]},"t":"t"},{"m":{"#":[]},"t":" "},{"m":{"#":[]},"t":"s"},{"m":{"#":[]},"t":"t"},{"m":{"#":[]},"t":"u"},{"m":{"#":[]},"t":"c"},{"m":{"#":[]},"t":"k"},{"m":{"#":[]},"t":":"},{"m":{"#":[]},"t":" "},{"m":{"#":[]},"t":"t"},{"m":{"#":[]},"t":"h"},{"m":{"#":[]},"t":"e"},{"m":{"#":[]},"t":" "},{"m":{"#":[]},"t":"e"},{"m":{"#":[]},"t":"l"},{"m":{"#":[]},"t":"e"},{"m":{"#":[]},"t":"v"},{"m":{"#":[]},"t":"a"},{"m":{"#":[]},"t":"t"},{"m":{"#":[]},"t":"o"},{"m":{"#":[]},"t":"r"},{"m":{"#":[]},"t":" "},{"m":{"#":[]},"t":"w"},{"m":{"#":[]},"t":"i"},{"m":{"#":[]},"t":"l"},{"m":{"#":[]},"t":"l"},{"m":{"#":[]},"t":" "},{"m":{"#":[]},"t":"s"},{"m":{"#":[]},"t":"t"},{"m":{"#":[]},"t":"o"},{"m":{"#":[]},"t":"p"},{"m":{"#":[]},"t":","},{"m":{"#":[]},"t":" "},{"m":{"#":[]},"t":"s"},{"m":{"#":[]},"t":"m"},{"m":{"#":[]},"t":"o"},{"m":{"#":[]},"t":"k"},{"m":{"#":[]},"t":"e"},{"m":{"#":[]},"t":" "},{"m":{"#":[]},"t":"w"},{"m":{"#":[]},"t":"i"},{"m":{"#":[]},"t":"l"},{"m":{"#":[]},"t":"l"},{"m":{"#":[]},"t":" "},{"m":{"#":[]},"t":"f"},{"m":{"#":[]},"t":"i"},{"m":{"#":[]},"t":"l"},{"m":{"#":[]},"t":"l"},{"m":{"#":[]},"t":" "},{"m":{"#":[]},"t":"t"},{"m":{"#":[]},"t":"h"},{"m":{"#":[]},"t":"e"},{"m":{"#":[]},"t":" "},{"m":{"#":[]},"t":"c"},{"m":{"#":[]},"t":"a"},{"m":{"#":[]},"t":"b"},{"m":{"#":[]},"t":"i"},{"m":{"#":[]},"t":"n"},{"m":{"#":[]},"t":","},{"m":{"#":[]},"t":" "},{"m":{"#":[]},"t":"a"},{"m":{"#":[]},"t":"n"},{"m":{"#":[]},"t":"d"},{"m":{"#":[]},"t":" "},{"m":{"#":[]},"t":"y"},{"m":{"#":[]},"t":"o"},{"m":{"#":[]},"t":"u"},{"m":{"#":[]},"t":"’"},{"m":{"#":[]},"t":"l"},{"m":{"#":[]},"t":"l"},{"m":{"#":[]},"t":" "},{"m":{"#":[]},"t":"b"},{"m":{"#":[]},"t":"e"},{"m":{"#":[]},"t":" "},{"m":{"#":[]},"t":"u"},{"m":{"#":[]},"t":"n"},{"m":{"#":[]},"t":"a"},{"m":{"#":[]},"t":"b"},{"m":{"#":[]},"t":"l"},{"m":{"#":[]},"t":"e"},{"m":{"#":[]},"t":" "},{"m":{"#":[]},"t":"t"},{"m":{"#":[]},"t":"o"},{"m":{"#":[]},"t":" "},{"m":{"#":[]},"t":"b"},{"m":{"#":[]},"t":"r"},{"m":{"#":[]},"t":"e"},{"m":{"#":[]},"t":"a"},{"m":{"#":[]},"t":"t"},{"m":{"#":[]},"t":"h"},{"m":{"#":[]},"t":"e"},{"m":{"#":[]},"t":"."}],"k":"b0t4o","t":"n","nT":"warning","cBC":null,"cIC":null},"ca2r6":{"c":[{"m":{"#":[0,"#","#","#","noColor"]},"t":"B"},{"m":{"#":[0,"#","#","#","noColor"]},"t":"r"},{"m":{"#":[0,"#","#","#","noColor"]},"t":"e"},{"m":{"#":[0,"#","#","#","noColor"]},"t":"a"},{"m":{"#":[0,"#","#","#","noColor"]},"t":"t"},{"m":{"#":[0,"#","#","#","noColor"]},"t":"h"},{"m":{"#":[0,"#","#","#","noColor"]},"t":"e"},{"m":{"#":[0,"#","#","#","noColor"]},"t":" "},{"m":{"#":[0,"#","#","#","noColor"]},"t":"o"},{"m":{"#":[0,"#","#","#","noColor"]},"t":"n"},{"m":{"#":[0,"#","#","#","noColor"]},"t":"l"},{"m":{"#":[0,"#","#","#","noColor"]},"t":"y"},{"m":{"#":[0,"#","#","#","noColor"]},"t":" "},{"m":{"#":[0,"#","#","#","noColor"]},"t":"t"},{"m":{"#":[0,"#","#","#","noColor"]},"t":"h"},{"m":{"#":[0,"#","#","#","noColor"]},"t":"r"},{"m":{"#":[0,"#","#","#","noColor"]},"t":"o"},{"m":{"#":[0,"#","#","#","noColor"]},"t":"u"},{"m":{"#":[0,"#","#","#","noColor"]},"t":"g"},{"m":{"#":[0,"#","#","#","noColor"]},"t":"h"},{"m":{"#":[0,"#","#","#","noColor"]},"t":" "},{"m":{"#":[0,"#","#","#","noColor"]},"t":"t"},{"m":{"#":[0,"#","#","#","noColor"]},"t":"h"},{"m":{"#":[0,"#","#","#","noColor"]},"t":"i"},{"m":{"#":[0,"#","#","#","noColor"]},"t":"s"},{"m":{"#":[0,"#","#","#","noColor"]},"t":" "},{"m":{"#":[0,"#","#","#","noColor"]},"t":"b"},{"m":{"#":[0,"#","#","#","noColor"]},"t":"a"},{"m":{"#":[0,"#","#","#","noColor"]},"t":"n"},{"m":{"#":[0,"#","#","#","noColor"]},"t":"d"},{"m":{"#":[0,"#","#","#","noColor"]},"t":"a"},{"m":{"#":[0,"#","#","#","noColor"]},"t":"g"},{"m":{"#":[0,"#","#","#","noColor"]},"t":"e"},{"m":{"#":[0,"#","#","#","noColor"]},"t":" "},{"m":{"#":[0,"#","#","#","noColor"]},"t":"t"},{"m":{"#":[0,"#","#","#","noColor"]},"t":"o"},{"m":{"#":[0,"#","#","#","noColor"]},"t":" "},{"m":{"#":[0,"#","#","#","noColor"]},"t":"p"},{"m":{"#":[0,"#","#","#","noColor"]},"t":"r"},{"m":{"#":[0,"#","#","#","noColor"]},"t":"o"},{"m":{"#":[0,"#","#","#","noColor"]},"t":"t"},{"m":{"#":[0,"#","#","#","noColor"]},"t":"e"},{"m":{"#":[0,"#","#","#","noColor"]},"t":"c"},{"m":{"#":[0,"#","#","#","noColor"]},"t":"t"},{"m":{"#":[0,"#","#","#","noColor"]},"t":" "},{"m":{"#":[0,"#","#","#","noColor"]},"t":"y"},{"m":{"#":[0,"#","#","#","noColor"]},"t":"o"},{"m":{"#":[0,"#","#","#","noColor"]},"t":"u"},{"m":{"#":[0,"#","#","#","noColor"]},"t":"r"},{"m":{"#":[0,"#","#","#","noColor"]},"t":"s"},{"m":{"#":[0,"#","#","#","noColor"]},"t":"e"},{"m":{"#":[0,"#","#","#","noColor"]},"t":"l"},{"m":{"#":[0,"#","#","#","noColor"]},"t":"f"},{"m":{"#":[0,"#","#","#","noColor"]},"t":" "},{"m":{"#":[0,"#","#","#","noColor"]},"t":"f"},{"m":{"#":[0,"#","#","#","noColor"]},"t":"r"},{"m":{"#":[0,"#","#","#","noColor"]},"t":"o"},{"m":{"#":[0,"#","#","#","noColor"]},"t":"m"},{"m":{"#":[0,"#","#","#","noColor"]},"t":" "},{"m":{"#":[0,"#","#","#","noColor"]},"t":"s"},{"m":{"#":[0,"#","#","#","noColor"]},"t":"m"},{"m":{"#":[0,"#","#","#","noColor"]},"t":"o"},{"m":{"#":[0,"#","#","#","noColor"]},"t":"k"},{"m":{"#":[0,"#","#","#","noColor"]},"t":"e"},{"m":{"#":[0,"#","#","#","noColor"]},"t":" "},{"m":{"#":[0,"#","#","#","noColor"]},"t":"i"},{"m":{"#":[0,"#","#","#","noColor"]},"t":"n"},{"m":{"#":[0,"#","#","#","noColor"]},"t":"h"},{"m":{"#":[0,"#","#","#","noColor"]},"t":"a"},{"m":{"#":[0,"#","#","#","noColor"]},"t":"l"},{"m":{"#":[0,"#","#","#","noColor"]},"t":"a"},{"m":{"#":[0,"#","#","#","noColor"]},"t":"t"},{"m":{"#":[0,"#","#","#","noColor"]},"t":"i"},{"m":{"#":[0,"#","#","#","noColor"]},"t":"o"},{"m":{"#":[0,"#","#","#","noColor"]},"t":"n"},{"m":{"#":[0,"#","#","#","noColor"]},"t":"."}],"k":"ca2r6","t":"n","nT":"bulb","cBC":null,"cIC":{"c":"#E73018","o":1}},"dflr4":{"c":[{"m":{"#":[0,"#","#","#","noColor"]},"t":"W"},{"m":{"#":[0,"#","#","#","noColor"]},"t":"e"},{"m":{"#":[0,"#","#","#","noColor"]},"t":"t"},{"m":{"#":[0,"#","#","#","noColor"]},"t":" "},{"m":{"#":[0,"#","#","#","noColor"]},"t":"a"},{"m":{"#":[0,"#","#","#","noColor"]},"t":" "},{"m":{"#":[0,"#","#","#","noColor"]},"t":"p"},{"m":{"#":[0,"#","#","#","noColor"]},"t":"i"},{"m":{"#":[0,"#","#","#","noColor"]},"t":"e"},{"m":{"#":[0,"#","#","#","noColor"]},"t":"c"},{"m":{"#":[0,"#","#","#","noColor"]},"t":"e"},{"m":{"#":[0,"#","#","#","noColor"]},"t":" "},{"m":{"#":[0,"#","#","#","noColor"]},"t":"o"},{"m":{"#":[0,"#","#","#","noColor"]},"t":"f"},{"m":{"#":[0,"#","#","#","noColor"]},"t":" "},{"m":{"#":[0,"#","#","#","noColor"]},"t":"c"},{"m":{"#":[0,"#","#","#","noColor"]},"t":"l"},{"m":{"#":[0,"#","#","#","noColor"]},"t":"o"},{"m":{"#":[0,"#","#","#","noColor"]},"t":"t"},{"m":{"#":[0,"#","#","#","noColor"]},"t":"h"},{"m":{"#":[0,"#","#","#","noColor"]},"t":"i"},{"m":{"#":[0,"#","#","#","noColor"]},"t":"n"},{"m":{"#":[0,"#","#","#","noColor"]},"t":"g"},{"m":{"#":[0,"#","#","#","noColor"]},"t":","},{"m":{"#":[0,"#","#","#","noColor"]},"t":" "},{"m":{"#":[0,"#","#","#","noColor"]},"t":"f"},{"m":{"#":[0,"#","#","#","noColor"]},"t":"o"},{"m":{"#":[0,"#","#","#","noColor"]},"t":"r"},{"m":{"#":[0,"#","#","#","noColor"]},"t":" "},{"m":{"#":[0,"#","#","#","noColor"]},"t":"e"},{"m":{"#":[0,"#","#","#","noColor"]},"t":"x"},{"m":{"#":[0,"#","#","#","noColor"]},"t":"a"},{"m":{"#":[0,"#","#","#","noColor"]},"t":"m"},{"m":{"#":[0,"#","#","#","noColor"]},"t":"p"},{"m":{"#":[0,"#","#","#","noColor"]},"t":"l"},{"m":{"#":[0,"#","#","#","noColor"]},"t":"e"},{"m":{"#":[0,"#","#","#","noColor"]},"t":" "},{"m":{"#":[0,"#","#","#","noColor"]},"t":"a"},{"m":{"#":[0,"#","#","#","noColor"]},"t":" "},{"m":{"#":[0,"#","#","#","noColor"]},"t":"s"},{"m":{"#":[0,"#","#","#","noColor"]},"t":"c"},{"m":{"#":[0,"#","#","#","noColor"]},"t":"a"},{"m":{"#":[0,"#","#","#","noColor"]},"t":"r"},{"m":{"#":[0,"#","#","#","noColor"]},"t":"f"},{"m":{"#":[0,"#","#","#","noColor"]},"t":" "},{"m":{"#":[0,"#","#","#","noColor"]},"t":"o"},{"m":{"#":[0,"#","#","#","noColor"]},"t":"r"},{"m":{"#":[0,"#","#","#","noColor"]},"t":" "},{"m":{"#":[0,"#","#","#","noColor"]},"t":"a"},{"m":{"#":[0,"#","#","#","noColor"]},"t":" "},{"m":{"#":[0,"#","#","#","noColor"]},"t":"h"},{"m":{"#":[0,"#","#","#","noColor"]},"t":"a"},{"m":{"#":[0,"#","#","#","noColor"]},"t":"n"},{"m":{"#":[0,"#","#","#","noColor"]},"t":"d"},{"m":{"#":[0,"#","#","#","noColor"]},"t":"k"},{"m":{"#":[0,"#","#","#","noColor"]},"t":"e"},{"m":{"#":[0,"#","#","#","noColor"]},"t":"r"},{"m":{"#":[0,"#","#","#","noColor"]},"t":"c"},{"m":{"#":[0,"#","#","#","noColor"]},"t":"h"},{"m":{"#":[0,"#","#","#","noColor"]},"t":"i"},{"m":{"#":[0,"#","#","#","noColor"]},"t":"e"},{"m":{"#":[0,"#","#","#","noColor"]},"t":"f"},{"m":{"#":[0,"#","#","#","noColor"]},"t":" "}],"k":"dflr4","t":"n","nT":"bulb","cBC":null,"cIC":{"c":"#E73018","o":1}}},"o":["a0v34","62piq","dflr4","58bn9","ca2r6","b0t4o","62j7k"]}},"nd":{"hh":[]}},"64j68":{"h":{"k":"","s":"","t":"Step 5. Do a Headсount ","ds":{"tc":"#323537","cis":null}},"k":"64j68","cs":{"b":{"B":{"2v3q4":{"c":[],"k":"2v3q4","t":"p","v":"text","tA":"left"},"dmjvm":{"c":[{"m":{"#":[1]},"t":"Y"},{"m":{"#":[1]},"t":"o"},{"m":{"#":[1]},"t":"u"},{"m":{"#":[1]},"t":"’"},{"m":{"#":[1]},"t":"v"},{"m":{"#":[1]},"t":"e"},{"m":{"#":[1]},"t":" "},{"m":{"#":[1]},"t":"m"},{"m":{"#":[1]},"t":"a"},{"m":{"#":[1]},"t":"n"},{"m":{"#":[1]},"t":"a"},{"m":{"#":[1]},"t":"g"},{"m":{"#":[1]},"t":"e"},{"m":{"#":[1]},"t":"d"},{"m":{"#":[1]},"t":" "},{"m":{"#":[1]},"t":"t"},{"m":{"#":[1]},"t":"o"},{"m":{"#":[1]},"t":" "},{"m":{"#":[1]},"t":"g"},{"m":{"#":[1]},"t":"e"},{"m":{"#":[1]},"t":"t"},{"m":{"#":[1]},"t":" "},{"m":{"#":[1]},"t":"o"},{"m":{"#":[1]},"t":"u"},{"m":{"#":[1]},"t":"t"},{"m":{"#":[1]},"t":" "},{"m":{"#":[1]},"t":"s"},{"m":{"#":[1]},"t":"a"},{"m":{"#":[1]},"t":"f"},{"m":{"#":[1]},"t":"e"},{"m":{"#":[1]},"t":"l"},{"m":{"#":[1]},"t":"y"},{"m":{"#":[1]},"t":"."},{"m":{"#":[1]},"t":" "},{"m":{"#":[1]},"t":"N"},{"m":{"#":[1]},"t":"o"},{"m":{"#":[1]},"t":"w"},{"m":{"#":[1]},"t":","},{"m":{"#":[1]},"t":" "},{"m":{"#":[1]},"t":"m"},{"m":{"#":[1]},"t":"a"},{"m":{"#":[1]},"t":"k"},{"m":{"#":[1]},"t":"e"},{"m":{"#":[1]},"t":" "},{"m":{"#":[1]},"t":"s"},{"m":{"#":[1]},"t":"u"},{"m":{"#":[1]},"t":"r"},{"m":{"#":[1]},"t":"e"},{"m":{"#":[1]},"t":" "},{"m":{"#":[1]},"t":"a"},{"m":{"#":[1]},"t":"l"},{"m":{"#":[1]},"t":"l"},{"m":{"#":[1]},"t":" "},{"m":{"#":[1]},"t":"t"},{"m":{"#":[1]},"t":"h"},{"m":{"#":[1]},"t":"e"},{"m":{"#":[1]},"t":" "},{"m":{"#":[1]},"t":"e"},{"m":{"#":[1]},"t":"m"},{"m":{"#":[1]},"t":"p"},{"m":{"#":[1]},"t":"l"},{"m":{"#":[1]},"t":"o"},{"m":{"#":[1]},"t":"y"},{"m":{"#":[1]},"t":"e"},{"m":{"#":[1]},"t":"e"},{"m":{"#":[1]},"t":"s"},{"m":{"#":[1]},"t":" "},{"m":{"#":[1]},"t":"a"},{"m":{"#":[1]},"t":"n"},{"m":{"#":[1]},"t":"d"},{"m":{"#":[1]},"t":" "},{"m":{"#":[1]},"t":"v"},{"m":{"#":[1]},"t":"i"},{"m":{"#":[1]},"t":"s"},{"m":{"#":[1]},"t":"i"},{"m":{"#":[1]},"t":"t"},{"m":{"#":[1]},"t":"o"},{"m":{"#":[1]},"t":"r"},{"m":{"#":[1]},"t":"s"},{"m":{"#":[1]},"t":" "},{"m":{"#":[1]},"t":"h"},{"m":{"#":[1]},"t":"a"},{"m":{"#":[1]},"t":"v"},{"m":{"#":[1]},"t":"e"},{"m":{"#":[1]},"t":" "},{"m":{"#":[1]},"t":"l"},{"m":{"#":[1]},"t":"e"},{"m":{"#":[1]},"t":"f"},{"m":{"#":[1]},"t":"t"},{"m":{"#":[1]},"t":" "},{"m":{"#":[1]},"t":"t"},{"m":{"#":[1]},"t":"h"},{"m":{"#":[1]},"t":"e"},{"m":{"#":[1]},"t":" "},{"m":{"#":[1]},"t":"b"},{"m":{"#":[1]},"t":"u"},{"m":{"#":[1]},"t":"i"},{"m":{"#":[1]},"t":"l"},{"m":{"#":[1]},"t":"d"},{"m":{"#":[1]},"t":"i"},{"m":{"#":[1]},"t":"n"},{"m":{"#":[1]},"t":"g"},{"m":{"#":[1]},"t":" "},{"m":{"#":[1]},"t":"a"},{"m":{"#":[1]},"t":"s"},{"m":{"#":[1]},"t":" "},{"m":{"#":[1]},"t":"w"},{"m":{"#":[1]},"t":"e"},{"m":{"#":[1]},"t":"l"},{"m":{"#":[1]},"t":"l"},{"m":{"#":[1]},"t":"."},{"m":{"#":[1]},"t":" "},{"m":{"#":[1]},"t":"D"},{"m":{"#":[1]},"t":"o"},{"m":{"#":[1]},"t":" "},{"m":{"#":[1]},"t":"a"},{"m":{"#":[1]},"t":" "},{"m":{"#":[1]},"t":"h"},{"m":{"#":[1]},"t":"e"},{"m":{"#":[1]},"t":"a"},{"m":{"#":[1]},"t":"d"},{"m":{"#":[1]},"t":"c"},{"m":{"#":[1]},"t":"o"},{"m":{"#":[1]},"t":"u"},{"m":{"#":[1]},"t":"n"},{"m":{"#":[1]},"t":"t"},{"m":{"#":[1]},"t":"."},{"m":{"#":[1]},"t":" "},{"m":{"#":[1]},"t":"I"},{"m":{"#":[1]},"t":"m"},{"m":{"#":[1]},"t":"m"},{"m":{"#":[1]},"t":"e"},{"m":{"#":[1]},"t":"d"},{"m":{"#":[1]},"t":"i"},{"m":{"#":[1]},"t":"a"},{"m":{"#":[1]},"t":"t"},{"m":{"#":[1]},"t":"e"},{"m":{"#":[1]},"t":"l"},{"m":{"#":[1]},"t":"y"},{"m":{"#":[1]},"t":" "},{"m":{"#":[1]},"t":"i"},{"m":{"#":[1]},"t":"n"},{"m":{"#":[1]},"t":"f"},{"m":{"#":[1]},"t":"o"},{"m":{"#":[1]},"t":"r"},{"m":{"#":[1]},"t":"m"},{"m":{"#":[1]},"t":" "},{"m":{"#":[1]},"t":"f"},{"m":{"#":[1]},"t":"i"},{"m":{"#":[1]},"t":"r"},{"m":{"#":[1]},"t":"e"},{"m":{"#":[1]},"t":"m"},{"m":{"#":[1]},"t":"e"},{"m":{"#":[1]},"t":"n"},{"m":{"#":[1]},"t":" "},{"m":{"#":[1]},"t":"t"},{"m":{"#":[1]},"t":"h"},{"m":{"#":[1]},"t":"a"},{"m":{"#":[1]},"t":"t"},{"m":{"#":[1]},"t":" "},{"m":{"#":[1]},"t":"t"},{"m":{"#":[1]},"t":"h"},{"m":{"#":[1]},"t":"e"},{"m":{"#":[1]},"t":"r"},{"m":{"#":[1]},"t":"e"},{"m":{"#":[1]},"t":" "},{"m":{"#":[1]},"t":"a"},{"m":{"#":[1]},"t":"r"},{"m":{"#":[1]},"t":"e"},{"m":{"#":[1]},"t":" "},{"m":{"#":[1]},"t":"s"},{"m":{"#":[1]},"t":"t"},{"m":{"#":[1]},"t":"i"},{"m":{"#":[1]},"t":"l"},{"m":{"#":[1]},"t":"l"},{"m":{"#":[1]},"t":" "},{"m":{"#":[1]},"t":"p"},{"m":{"#":[1]},"t":"e"},{"m":{"#":[1]},"t":"o"},{"m":{"#":[1]},"t":"p"},{"m":{"#":[1]},"t":"l"},{"m":{"#":[1]},"t":"e"},{"m":{"#":[1]},"t":" "},{"m":{"#":[1]},"t":"i"},{"m":{"#":[1]},"t":"n"},{"m":{"#":[1]},"t":"s"},{"m":{"#":[1]},"t":"i"},{"m":{"#":[1]},"t":"d"},{"m":{"#":[1]},"t":"e"},{"m":{"#":[1]},"t":"."}],"k":"dmjvm","t":"p","v":"pullquote","tA":"center"}},"o":["dmjvm","2v3q4"]}},"nd":{"hh":[]}},"1nvm3":{"h":{"k":"","s":"","t":"Step 6. How to Handle Fire in an Office? ","ds":{"tc":"#323537","cis":null}},"k":"1nvm3","cs":{"b":{"B":{"14a0e":{"c":[{"m":{"#":[1]},"t":"T"},{"m":{"#":[1]},"t":"h"},{"m":{"#":[1]},"t":"e"},{"m":{"#":[1]},"t":"r"},{"m":{"#":[1]},"t":"e"},{"m":{"#":[1]},"t":" "},{"m":{"#":[1]},"t":"a"},{"m":{"#":[1]},"t":"r"},{"m":{"#":[1]},"t":"e"},{"m":{"#":[1]},"t":" "},{"m":{"#":[1]},"t":"s"},{"m":{"#":[1]},"t":"i"},{"m":{"#":[1]},"t":"t"},{"m":{"#":[1]},"t":"u"},{"m":{"#":[1]},"t":"a"},{"m":{"#":[1]},"t":"t"},{"m":{"#":[1]},"t":"i"},{"m":{"#":[1]},"t":"o"},{"m":{"#":[1]},"t":"n"},{"m":{"#":[1]},"t":"s"},{"m":{"#":[1]},"t":" "},{"m":{"#":[1]},"t":"w"},{"m":{"#":[1]},"t":"h"},{"m":{"#":[1]},"t":"e"},{"m":{"#":[1]},"t":"n"},{"m":{"#":[1]},"t":" "},{"m":{"#":[1]},"t":"a"},{"m":{"#":[1]},"t":" "},{"m":{"#":[1]},"t":"f"},{"m":{"#":[1]},"t":"i"},{"m":{"#":[1]},"t":"r"},{"m":{"#":[1]},"t":"e"},{"m":{"#":[1]},"t":" "},{"m":{"#":[1]},"t":"i"},{"m":{"#":[1]},"t":"s"},{"m":{"#":[1]},"t":" "},{"m":{"#":[1]},"t":"s"},{"m":{"#":[1]},"t":"m"},{"m":{"#":[1]},"t":"a"},{"m":{"#":[1]},"t":"l"},{"m":{"#":[1]},"t":"l"},{"m":{"#":[1]},"t":" "},{"m":{"#":[1]},"t":"w"},{"m":{"#":[1]},"t":"i"},{"m":{"#":[1]},"t":"t"},{"m":{"#":[1]},"t":"h"},{"m":{"#":[1]},"t":"o"},{"m":{"#":[1]},"t":"u"},{"m":{"#":[1]},"t":"t"},{"m":{"#":[1]},"t":" "},{"m":{"#":[1]},"t":"b"},{"m":{"#":[1]},"t":"l"},{"m":{"#":[1]},"t":"a"},{"m":{"#":[1]},"t":"c"},{"m":{"#":[1]},"t":"k"},{"m":{"#":[1]},"t":" "},{"m":{"#":[1]},"t":"s"},{"m":{"#":[1]},"t":"m"},{"m":{"#":[1]},"t":"o"},{"m":{"#":[1]},"t":"k"},{"m":{"#":[1]},"t":"e"},{"m":{"#":[1]},"t":"."},{"m":{"#":[1]},"t":" "},{"m":{"#":[1]},"t":"I"},{"m":{"#":[1]},"t":"n"},{"m":{"#":[1]},"t":" "},{"m":{"#":[1]},"t":"t"},{"m":{"#":[1]},"t":"h"},{"m":{"#":[1]},"t":"i"},{"m":{"#":[1]},"t":"s"},{"m":{"#":[1]},"t":" "},{"m":{"#":[1]},"t":"c"},{"m":{"#":[1]},"t":"a"},{"m":{"#":[1]},"t":"s"},{"m":{"#":[1]},"t":"e"},{"m":{"#":[1]},"t":","},{"m":{"#":[1]},"t":" "},{"m":{"#":[1]},"t":"y"},{"m":{"#":[1]},"t":"o"},{"m":{"#":[1]},"t":"u"},{"m":{"#":[1]},"t":" "},{"m":{"#":[1]},"t":"h"},{"m":{"#":[1]},"t":"a"},{"m":{"#":[1]},"t":"v"},{"m":{"#":[1]},"t":"e"},{"m":{"#":[1]},"t":" "},{"m":{"#":[1]},"t":"a"},{"m":{"#":[1]},"t":" "},{"m":{"#":[1]},"t":"c"},{"m":{"#":[1]},"t":"h"},{"m":{"#":[1]},"t":"a"},{"m":{"#":[1]},"t":"n"},{"m":{"#":[1]},"t":"c"},{"m":{"#":[1]},"t":"e"},{"m":{"#":[1]},"t":" "},{"m":{"#":[1]},"t":"t"},{"m":{"#":[1]},"t":"o"},{"m":{"#":[1]},"t":" "},{"m":{"#":[1]},"t":"p"},{"m":{"#":[1]},"t":"u"},{"m":{"#":[1]},"t":"t"},{"m":{"#":[1]},"t":" "},{"m":{"#":[1]},"t":"i"},{"m":{"#":[1]},"t":"t"},{"m":{"#":[1]},"t":" "},{"m":{"#":[1]},"t":"o"},{"m":{"#":[1]},"t":"u"},{"m":{"#":[1]},"t":"t"},{"m":{"#":[1]},"t":" "},{"m":{"#":[1]},"t":"o"},{"m":{"#":[1]},"t":"n"},{"m":{"#":[1]},"t":" "},{"m":{"#":[1]},"t":"y"},{"m":{"#":[1]},"t":"o"},{"m":{"#":[1]},"t":"u"},{"m":{"#":[1]},"t":"r"},{"m":{"#":[1]},"t":" "},{"m":{"#":[1]},"t":"o"},{"m":{"#":[1]},"t":"w"},{"m":{"#":[1]},"t":"n"},{"m":{"#":[1]},"t":"."},{"m":{"#":[1]},"t":" "},{"m":{"#":[1]},"t":"I"},{"m":{"#":[1]},"t":"t"},{"m":{"#":[1]},"t":"’"},{"m":{"#":[1]},"t":"s"},{"m":{"#":[1]},"t":" "},{"m":{"#":[1]},"t":"v"},{"m":{"#":[1]},"t":"e"},{"m":{"#":[1]},"t":"r"},{"m":{"#":[1]},"t":"y"},{"m":{"#":[1]},"t":" "},{"m":{"#":[1]},"t":"i"},{"m":{"#":[1]},"t":"m"},{"m":{"#":[1]},"t":"p"},{"m":{"#":[1]},"t":"o"},{"m":{"#":[1]},"t":"r"},{"m":{"#":[1]},"t":"t"},{"m":{"#":[1]},"t":"a"},{"m":{"#":[1]},"t":"n"},{"m":{"#":[1]},"t":"t"},{"m":{"#":[1]},"t":" "},{"m":{"#":[1]},"t":"t"},{"m":{"#":[1]},"t":"o"},{"m":{"#":[1]},"t":" "},{"m":{"#":[1]},"t":"b"},{"m":{"#":[1]},"t":"e"},{"m":{"#":[1]},"t":" "},{"m":{"#":[1]},"t":"a"},{"m":{"#":[1]},"t":"b"},{"m":{"#":[1]},"t":"l"},{"m":{"#":[1]},"t":"e"},{"m":{"#":[1]},"t":" "},{"m":{"#":[1]},"t":"t"},{"m":{"#":[1]},"t":"o"},{"m":{"#":[1]},"t":" "},{"m":{"#":[1]},"t":"d"},{"m":{"#":[1]},"t":"o"},{"m":{"#":[1]},"t":" "},{"m":{"#":[1]},"t":"i"},{"m":{"#":[1]},"t":"t"},{"m":{"#":[1]},"t":" "},{"m":{"#":[1]},"t":"i"},{"m":{"#":[1]},"t":"n"},{"m":{"#":[1]},"t":" "},{"m":{"#":[1]},"t":"t"},{"m":{"#":[1]},"t":"h"},{"m":{"#":[1]},"t":"e"},{"m":{"#":[1]},"t":" "},{"m":{"#":[1]},"t":"c"},{"m":{"#":[1]},"t":"o"},{"m":{"#":[1]},"t":"r"},{"m":{"#":[1]},"t":"r"},{"m":{"#":[1]},"t":"e"},{"m":{"#":[1]},"t":"c"},{"m":{"#":[1]},"t":"t"},{"m":{"#":[1]},"t":" "},{"m":{"#":[1]},"t":"o"},{"m":{"#":[1]},"t":"r"},{"m":{"#":[1]},"t":"d"},{"m":{"#":[1]},"t":"e"},{"m":{"#":[1]},"t":"r"},{"m":{"#":[1]},"t":" "},{"m":{"#":[1]},"t":"s"},{"m":{"#":[1]},"t":"o"},{"m":{"#":[1]},"t":" "},{"m":{"#":[1]},"t":"y"},{"m":{"#":[1]},"t":"o"},{"m":{"#":[1]},"t":"u"},{"m":{"#":[1]},"t":" "},{"m":{"#":[1]},"t":"d"},{"m":{"#":[1]},"t":"o"},{"m":{"#":[1]},"t":"n"},{"m":{"#":[1]},"t":"’"},{"m":{"#":[1]},"t":"t"},{"m":{"#":[1]},"t":" "},{"m":{"#":[1]},"t":"h"},{"m":{"#":[1]},"t":"a"},{"m":{"#":[1]},"t":"r"},{"m":{"#":[1]},"t":"m"},{"m":{"#":[1]},"t":" "},{"m":{"#":[1]},"t":"y"},{"m":{"#":[1]},"t":"o"},{"m":{"#":[1]},"t":"u"},{"m":{"#":[1]},"t":"r"},{"m":{"#":[1]},"t":"s"},{"m":{"#":[1]},"t":"e"},{"m":{"#":[1]},"t":"l"},{"m":{"#":[1]},"t":"f"},{"m":{"#":[1]},"t":" "},{"m":{"#":[1]},"t":"o"},{"m":{"#":[1]},"t":"r"},{"m":{"#":[1]},"t":" "},{"m":{"#":[1]},"t":"a"},{"m":{"#":[1]},"t":"n"},{"m":{"#":[1]},"t":"y"},{"m":{"#":[1]},"t":"o"},{"m":{"#":[1]},"t":"n"},{"m":{"#":[1]},"t":"e"},{"m":{"#":[1]},"t":" "},{"m":{"#":[1]},"t":"e"},{"m":{"#":[1]},"t":"l"},{"m":{"#":[1]},"t":"s"},{"m":{"#":[1]},"t":"e"},{"m":{"#":[1]},"t":"."},{"m":{"#":[1]},"t":" "},{"m":{"#":[1]},"t":"W"},{"m":{"#":[1]},"t":"h"},{"m":{"#":[1]},"t":"a"},{"m":{"#":[1]},"t":"t"},{"m":{"#":[1]},"t":" "},{"m":{"#":[1]},"t":"t"},{"m":{"#":[1]},"t":"y"},{"m":{"#":[1]},"t":"p"},{"m":{"#":[1]},"t":"e"},{"m":{"#":[1]},"t":"s"},{"m":{"#":[1]},"t":" "},{"m":{"#":[1]},"t":"o"},{"m":{"#":[1]},"t":"f"},{"m":{"#":[1]},"t":" "},{"m":{"#":[1]},"t":"f"},{"m":{"#":[1]},"t":"i"},{"m":{"#":[1]},"t":"r"},{"m":{"#":[1]},"t":"e"},{"m":{"#":[1]},"t":"-"},{"m":{"#":[1]},"t":"f"},{"m":{"#":[1]},"t":"i"},{"m":{"#":[1]},"t":"g"},{"m":{"#":[1]},"t":"h"},{"m":{"#":[1]},"t":"t"},{"m":{"#":[1]},"t":"i"},{"m":{"#":[1]},"t":"n"},{"m":{"#":[1]},"t":"g"},{"m":{"#":[1]},"t":" "},{"m":{"#":[1]},"t":"a"},{"m":{"#":[1]},"t":"p"},{"m":{"#":[1]},"t":"p"},{"m":{"#":[1]},"t":"l"},{"m":{"#":[1]},"t":"i"},{"m":{"#":[1]},"t":"a"},{"m":{"#":[1]},"t":"n"},{"m":{"#":[1]},"t":"c"},{"m":{"#":[1]},"t":"e"},{"m":{"#":[1]},"t":"s"},{"m":{"#":[1]},"t":" "},{"m":{"#":[1]},"t":"a"},{"m":{"#":[1]},"t":"r"},{"m":{"#":[1]},"t":"e"},{"m":{"#":[1]},"t":" "},{"m":{"#":[1]},"t":"t"},{"m":{"#":[1]},"t":"h"},{"m":{"#":[1]},"t":"e"},{"m":{"#":[1]},"t":"r"},{"m":{"#":[1]},"t":"e"},{"m":{"#":[1]},"t":" "},{"m":{"#":[1]},"t":"a"},{"m":{"#":[1]},"t":"n"},{"m":{"#":[1]},"t":"d"},{"m":{"#":[1]},"t":" "},{"m":{"#":[1]},"t":"h"},{"m":{"#":[1]},"t":"o"},{"m":{"#":[1]},"t":"w"},{"m":{"#":[1]},"t":" "},{"m":{"#":[1]},"t":"s"},{"m":{"#":[1]},"t":"h"},{"m":{"#":[1]},"t":"o"},{"m":{"#":[1]},"t":"u"},{"m":{"#":[1]},"t":"l"},{"m":{"#":[1]},"t":"d"},{"m":{"#":[1]},"t":" "},{"m":{"#":[1]},"t":"y"},{"m":{"#":[1]},"t":"o"},{"m":{"#":[1]},"t":"u"},{"m":{"#":[1]},"t":" "},{"m":{"#":[1]},"t":"u"},{"m":{"#":[1]},"t":"s"},{"m":{"#":[1]},"t":"e"},{"m":{"#":[1]},"t":" "},{"m":{"#":[1]},"t":"t"},{"m":{"#":[1]},"t":"h"},{"m":{"#":[1]},"t":"e"},{"m":{"#":[1]},"t":"m"},{"m":{"#":[1]},"t":"?"},{"m":{"#":[1]},"t":" "}],"k":"14a0e","t":"p","v":"text","tA":"left"},"41bi4":{"c":[],"k":"41bi4","t":"p","v":"text","tA":"left"},"6hrqf":{"c":[],"k":"6hrqf","t":"p","v":"text","tA":"left"},"a59hs":{"k":"a59hs","t":"fc","cl":"outer","cbm":{"B":{"7lusp":{"k":"7lusp","bs":{"b":{"c":"#FF8400","o":0.1,"t":"color"},"m":[{"n":"charactersMeta","md":{"#":[0,"#","auto","#42484E"]}}],"t":"text","rt":{"c":[{"m":{"#":[1,"#","auto","#42484E"]},"t":"С"},{"m":{"#":[1,"#","auto","#42484E"]},"t":"a"},{"m":{"#":[1,"#","auto","#42484E"]},"t":"r"},{"m":{"#":[1,"#","auto","#42484E"]},"t":"b"},{"m":{"#":[1,"#","auto","#42484E"]},"t":"o"},{"m":{"#":[1,"#","auto","#42484E"]},"t":"n"},{"m":{"#":[1,"#","auto","#42484E"]},"t":" "},{"m":{"#":[1,"#","auto","#42484E"]},"t":"D"},{"m":{"#":[1,"#","auto","#42484E"]},"t":"i"},{"m":{"#":[1,"#","auto","#42484E"]},"t":"o"},{"m":{"#":[1,"#","auto","#42484E"]},"t":"x"},{"m":{"#":[1,"#","auto","#42484E"]},"t":"i"},{"m":{"#":[1,"#","auto","#42484E"]},"t":"d"},{"m":{"#":[1,"#","auto","#42484E"]},"t":"e"},{"m":{"#":[1,"#","auto","#42484E"]},"t":" "},{"m":{"#":[1,"#","auto","#42484E"]},"t":"("},{"m":{"#":[1,"#","auto","#42484E"]},"t":"C"},{"m":{"#":[1,"#","auto","#42484E"]},"t":"O"},{"m":{"#":[1,"#","auto","#42484E"]},"t":"2"},{"m":{"#":[1,"#","auto","#42484E"]},"t":")"},{"m":{"#":[1,"#","auto","#42484E"]},"t":" "},{"m":{"#":[1,"#","auto","#42484E"]},"t":"F"},{"m":{"#":[1,"#","auto","#42484E"]},"t":"i"},{"m":{"#":[1,"#","auto","#42484E"]},"t":"r"},{"m":{"#":[1,"#","auto","#42484E"]},"t":"e"},{"m":{"#":[1,"#","auto","#42484E"]},"t":" "},{"m":{"#":[1,"#","auto","#42484E"]},"t":"E"},{"m":{"#":[1,"#","auto","#42484E"]},"t":"x"},{"m":{"#":[1,"#","auto","#42484E"]},"t":"t"},{"m":{"#":[1,"#","auto","#42484E"]},"t":"i"},{"m":{"#":[1,"#","auto","#42484E"]},"t":"n"},{"m":{"#":[1,"#","auto","#42484E"]},"t":"g"},{"m":{"#":[1,"#","auto","#42484E"]},"t":"u"},{"m":{"#":[1,"#","auto","#42484E"]},"t":"i"},{"m":{"#":[1,"#","auto","#42484E"]},"t":"s"},{"m":{"#":[1,"#","auto","#42484E"]},"t":"h"},{"m":{"#":[1,"#","auto","#42484E"]},"t":"e"},{"m":{"#":[1,"#","auto","#42484E"]},"t":"r"},{"m":{"#":[1,"#","auto","#42484E"]},"t":":"},{"m":{"#":[1,"#","auto","#42484E"]},"t":" "},{"m":{"#":[1,"#","auto","#42484E"]},"t":" "},{"m":{"#":[1,"#","auto","#42484E"]},"t":" "},{"m":{"#":[0,"#","auto","#42484E"]},"t":" "},{"m":{"#":[0,"#","auto","#42484E"]},"t":" "},{"m":{"#":[0,"#","auto","#42484E"]},"t":"U"},{"m":{"#":[0,"#","auto","#42484E"]},"t":"s"},{"m":{"#":[0,"#","auto","#42484E"]},"t":"e"},{"m":{"#":[0,"#","auto","#42484E"]},"t":" "},{"m":{"#":[0,"#","auto","#42484E"]},"t":"f"},{"m":{"#":[0,"#","auto","#42484E"]},"t":"o"},{"m":{"#":[0,"#","auto","#42484E"]},"t":"r"},{"m":{"#":[0,"#","auto","#42484E"]},"t":":"},{"m":{"#":[0,"#","auto","#42484E"]},"t":" "},{"m":{"#":[0,"#","auto","#42484E"]},"t":"C"},{"m":{"#":[0,"#","auto","#42484E"]},"t":"o"},{"m":{"#":[0,"#","auto","#42484E"]},"t":"m"},{"m":{"#":[0,"#","auto","#42484E"]},"t":"p"},{"m":{"#":[0,"#","auto","#42484E"]},"t":"u"},{"m":{"#":[0,"#","auto","#42484E"]},"t":"t"},{"m":{"#":[0,"#","auto","#42484E"]},"t":"e"},{"m":{"#":[0,"#","auto","#42484E"]},"t":"r"},{"m":{"#":[0,"#","auto","#42484E"]},"t":"s"},{"m":{"#":[0,"#","auto","#42484E"]},"t":" "},{"m":{"#":[0,"#","auto","#42484E"]},"t":"("},{"m":{"#":[0,"#","auto","#42484E"]},"t":"i"},{"m":{"#":[0,"#","auto","#42484E"]},"t":"n"},{"m":{"#":[0,"#","auto","#42484E"]},"t":"c"},{"m":{"#":[0,"#","auto","#42484E"]},"t":"l"},{"m":{"#":[0,"#","auto","#42484E"]},"t":"u"},{"m":{"#":[0,"#","auto","#42484E"]},"t":"d"},{"m":{"#":[0,"#","auto","#42484E"]},"t":"i"},{"m":{"#":[0,"#","auto","#42484E"]},"t":"n"},{"m":{"#":[0,"#","auto","#42484E"]},"t":"g"},{"m":{"#":[0,"#","auto","#42484E"]},"t":" "},{"m":{"#":[0,"#","auto","#42484E"]},"t":"p"},{"m":{"#":[0,"#","auto","#42484E"]},"t":"l"},{"m":{"#":[0,"#","auto","#42484E"]},"t":"u"},{"m":{"#":[0,"#","auto","#42484E"]},"t":"g"},{"m":{"#":[0,"#","auto","#42484E"]},"t":"g"},{"m":{"#":[0,"#","auto","#42484E"]},"t":"e"},{"m":{"#":[0,"#","auto","#42484E"]},"t":"d"},{"m":{"#":[0,"#","auto","#42484E"]},"t":" "},{"m":{"#":[0,"#","auto","#42484E"]},"t":"i"},{"m":{"#":[0,"#","auto","#42484E"]},"t":"n"},{"m":{"#":[0,"#","auto","#42484E"]},"t":")"},{"m":{"#":[0,"#","auto","#42484E"]},"t":","},{"m":{"#":[0,"#","auto","#42484E"]},"t":" "},{"m":{"#":[0,"#","auto","#42484E"]},"t":"P"},{"m":{"#":[0,"#","auto","#42484E"]},"t":"a"},{"m":{"#":[0,"#","auto","#42484E"]},"t":"p"},{"m":{"#":[0,"#","auto","#42484E"]},"t":"e"},{"m":{"#":[0,"#","auto","#42484E"]},"t":"r"}],"k":"9nmoi","t":"p","v":"text","tA":"center"},"vta":"middle"},"fs":{"i":{"h":574,"s":"data/islen-90914827/976dcbb5-3397-11ef-8fc1-0eadc1788fc8.png","w":569},"t":"image"}},"bb8n8":{"k":"bb8n8","bs":{"b":{"c":"#FF8400","o":0.1,"t":"color"},"m":[{"n":"charactersMeta","md":{"#":[0,"#","auto","#42484E"]}}],"t":"text","rt":{"c":[{"m":{"#":[1,"#","auto","#42484E"]},"t":"P"},{"m":{"#":[1,"#","auto","#42484E"]},"t":"o"},{"m":{"#":[1,"#","auto","#42484E"]},"t":"w"},{"m":{"#":[1,"#","auto","#42484E"]},"t":"d"},{"m":{"#":[1,"#","auto","#42484E"]},"t":"e"},{"m":{"#":[1,"#","auto","#42484E"]},"t":"r"},{"m":{"#":[1,"#","auto","#42484E"]},"t":" "},{"m":{"#":[1,"#","auto","#42484E"]},"t":"F"},{"m":{"#":[1,"#","auto","#42484E"]},"t":"i"},{"m":{"#":[1,"#","auto","#42484E"]},"t":"r"},{"m":{"#":[1,"#","auto","#42484E"]},"t":"e"},{"m":{"#":[1,"#","auto","#42484E"]},"t":" "},{"m":{"#":[1,"#","auto","#42484E"]},"t":"E"},{"m":{"#":[1,"#","auto","#42484E"]},"t":"x"},{"m":{"#":[1,"#","auto","#42484E"]},"t":"t"},{"m":{"#":[1,"#","auto","#42484E"]},"t":"i"},{"m":{"#":[1,"#","auto","#42484E"]},"t":"n"},{"m":{"#":[1,"#","auto","#42484E"]},"t":"g"},{"m":{"#":[1,"#","auto","#42484E"]},"t":"u"},{"m":{"#":[1,"#","auto","#42484E"]},"t":"i"},{"m":{"#":[1,"#","auto","#42484E"]},"t":"s"},{"m":{"#":[1,"#","auto","#42484E"]},"t":"h"},{"m":{"#":[1,"#","auto","#42484E"]},"t":"e"},{"m":{"#":[1,"#","auto","#42484E"]},"t":"r"},{"m":{"#":[1,"#","auto","#42484E"]},"t":" "},{"m":{"#":[1,"#","auto","#42484E"]},"t":" "},{"m":{"#":[1,"#","auto","#42484E"]},"t":" "},{"m":{"#":[0,"#","auto","#42484E"]},"t":" "},{"m":{"#":[0,"#","auto","#42484E"]},"t":"\n"},{"m":{"#":[0,"#","auto","#42484E"]},"t":" "},{"m":{"#":[0,"#","auto","#42484E"]},"t":"U"},{"m":{"#":[0,"#","auto","#42484E"]},"t":"s"},{"m":{"#":[0,"#","auto","#42484E"]},"t":"e"},{"m":{"#":[0,"#","auto","#42484E"]},"t":" "},{"m":{"#":[0,"#","auto","#42484E"]},"t":"f"},{"m":{"#":[0,"#","auto","#42484E"]},"t":"o"},{"m":{"#":[0,"#","auto","#42484E"]},"t":"r"},{"m":{"#":[0,"#","auto","#42484E"]},"t":":"},{"m":{"#":[0,"#","auto","#42484E"]},"t":" "},{"m":{"#":[0,"#","auto","#42484E"]},"t":"S"},{"m":{"#":[0,"#","auto","#42484E"]},"t":"o"},{"m":{"#":[0,"#","auto","#42484E"]},"t":"f"},{"m":{"#":[0,"#","auto","#42484E"]},"t":"t"},{"m":{"#":[0,"#","auto","#42484E"]},"t":" "},{"m":{"#":[0,"#","auto","#42484E"]},"t":"f"},{"m":{"#":[0,"#","auto","#42484E"]},"t":"u"},{"m":{"#":[0,"#","auto","#42484E"]},"t":"r"},{"m":{"#":[0,"#","auto","#42484E"]},"t":"n"},{"m":{"#":[0,"#","auto","#42484E"]},"t":"i"},{"m":{"#":[0,"#","auto","#42484E"]},"t":"t"},{"m":{"#":[0,"#","auto","#42484E"]},"t":"u"},{"m":{"#":[0,"#","auto","#42484E"]},"t":"r"},{"m":{"#":[0,"#","auto","#42484E"]},"t":"e"},{"m":{"#":[0,"#","auto","#42484E"]},"t":","},{"m":{"#":[0,"#","auto","#42484E"]},"t":" "},{"m":{"#":[0,"#","auto","#42484E"]},"t":"W"},{"m":{"#":[0,"#","auto","#42484E"]},"t":"o"},{"m":{"#":[0,"#","auto","#42484E"]},"t":"o"},{"m":{"#":[0,"#","auto","#42484E"]},"t":"d"},{"m":{"#":[0,"#","auto","#42484E"]},"t":"e"},{"m":{"#":[0,"#","auto","#42484E"]},"t":"n"},{"m":{"#":[0,"#","auto","#42484E"]},"t":" "},{"m":{"#":[0,"#","auto","#42484E"]},"t":"f"},{"m":{"#":[0,"#","auto","#42484E"]},"t":"u"},{"m":{"#":[0,"#","auto","#42484E"]},"t":"r"},{"m":{"#":[0,"#","auto","#42484E"]},"t":"n"},{"m":{"#":[0,"#","auto","#42484E"]},"t":"i"},{"m":{"#":[0,"#","auto","#42484E"]},"t":"t"},{"m":{"#":[0,"#","auto","#42484E"]},"t":"u"},{"m":{"#":[0,"#","auto","#42484E"]},"t":"r"},{"m":{"#":[0,"#","auto","#42484E"]},"t":"e"},{"m":{"#":[0,"#","auto","#42484E"]},"t":","},{"m":{"#":[0,"#","auto","#42484E"]},"t":" "},{"m":{"#":[0,"#","auto","#42484E"]},"t":"P"},{"m":{"#":[0,"#","auto","#42484E"]},"t":"l"},{"m":{"#":[0,"#","auto","#42484E"]},"t":"a"},{"m":{"#":[0,"#","auto","#42484E"]},"t":"s"},{"m":{"#":[0,"#","auto","#42484E"]},"t":"t"},{"m":{"#":[0,"#","auto","#42484E"]},"t":"i"},{"m":{"#":[0,"#","auto","#42484E"]},"t":"c"},{"m":{"#":[0,"#","auto","#42484E"]},"t":","},{"m":{"#":[0,"#","auto","#42484E"]},"t":" "},{"m":{"#":[0,"#","auto","#42484E"]},"t":"P"},{"m":{"#":[0,"#","auto","#42484E"]},"t":"a"},{"m":{"#":[0,"#","auto","#42484E"]},"t":"p"},{"m":{"#":[0,"#","auto","#42484E"]},"t":"e"},{"m":{"#":[0,"#","auto","#42484E"]},"t":"r"},{"m":{"#":[0,"#","auto","#42484E"]},"t":","},{"m":{"#":[0,"#","auto","#42484E"]},"t":" "},{"m":{"#":[0,"#","auto","#42484E"]},"t":"U"},{"m":{"#":[0,"#","auto","#42484E"]},"t":"n"},{"m":{"#":[0,"#","auto","#42484E"]},"t":"p"},{"m":{"#":[0,"#","auto","#42484E"]},"t":"l"},{"m":{"#":[0,"#","auto","#42484E"]},"t":"u"},{"m":{"#":[0,"#","auto","#42484E"]},"t":"g"},{"m":{"#":[0,"#","auto","#42484E"]},"t":"g"},{"m":{"#":[0,"#","auto","#42484E"]},"t":"e"},{"m":{"#":[0,"#","auto","#42484E"]},"t":"d"},{"m":{"#":[0,"#","auto","#42484E"]},"t":" "},{"m":{"#":[0,"#","auto","#42484E"]},"t":"c"},{"m":{"#":[0,"#","auto","#42484E"]},"t":"o"},{"m":{"#":[0,"#","auto","#42484E"]},"t":"m"},{"m":{"#":[0,"#","auto","#42484E"]},"t":"p"},{"m":{"#":[0,"#","auto","#42484E"]},"t":"u"},{"m":{"#":[0,"#","auto","#42484E"]},"t":"t"},{"m":{"#":[0,"#","auto","#42484E"]},"t":"e"},{"m":{"#":[0,"#","auto","#42484E"]},"t":"r"},{"m":{"#":[0,"#","auto","#42484E"]},"t":"s"}],"k":"degpd","t":"p","v":"text","tA":"center"},"vta":"middle"},"fs":{"i":{"h":590,"s":"data/islen-90914827/a7a4c485-3397-11ef-8fc1-0eadc1788fc8.png","w":479},"t":"image"}},"eqfor":{"k":"eqfor","bs":{"b":{"c":"#FF8400","o":0.1,"t":"color"},"m":[{"n":"charactersMeta","md":{"#":[0,"#",20,"#42484E"]}}],"t":"text","rt":{"c":[{"m":{"#":[1,"#",20]},"t":"F"},{"m":{"#":[1,"#",20]},"t":"i"},{"m":{"#":[1,"#",20]},"t":"r"},{"m":{"#":[1,"#",20]},"t":"e"},{"m":{"#":[1,"#",20]},"t":" "},{"m":{"#":[1,"#",20]},"t":"H"},{"m":{"#":[1,"#",20]},"t":"o"},{"m":{"#":[1,"#",20]},"t":"s"},{"m":{"#":[1,"#",20]},"t":"e"},{"m":{"#":[1,"#",20]},"t":" "},{"m":{"#":[1,"#",20]},"t":"C"},{"m":{"#":[1,"#",20]},"t":"a"},{"m":{"#":[1,"#",20]},"t":"b"},{"m":{"#":[1,"#",20]},"t":"i"},{"m":{"#":[1,"#",20]},"t":"n"},{"m":{"#":[1,"#",20]},"t":"e"},{"m":{"#":[1,"#",20]},"t":"t"},{"m":{"#":[]},"t":"\n"},{"m":{"#":[]},"t":"U"},{"m":{"#":[]},"t":"s"},{"m":{"#":[]},"t":"e"},{"m":{"#":[]},"t":" "},{"m":{"#":[]},"t":"f"},{"m":{"#":[]},"t":"o"},{"m":{"#":[]},"t":"r"},{"m":{"#":[]},"t":":"},{"m":{"#":[]},"t":" "},{"m":{"#":[]},"t":"S"},{"m":{"#":[]},"t":"o"},{"m":{"#":[]},"t":"f"},{"m":{"#":[]},"t":"t"},{"m":{"#":[]},"t":" "},{"m":{"#":[]},"t":"f"},{"m":{"#":[]},"t":"u"},{"m":{"#":[]},"t":"r"},{"m":{"#":[]},"t":"n"},{"m":{"#":[]},"t":"i"},{"m":{"#":[]},"t":"t"},{"m":{"#":[]},"t":"u"},{"m":{"#":[]},"t":"r"},{"m":{"#":[]},"t":"e"},{"m":{"#":[]},"t":","},{"m":{"#":[]},"t":" "},{"m":{"#":[]},"t":"W"},{"m":{"#":[]},"t":"o"},{"m":{"#":[]},"t":"o"},{"m":{"#":[]},"t":"d"},{"m":{"#":[]},"t":"e"},{"m":{"#":[]},"t":"n"},{"m":{"#":[]},"t":" "},{"m":{"#":[]},"t":"f"},{"m":{"#":[]},"t":"u"},{"m":{"#":[]},"t":"r"},{"m":{"#":[]},"t":"n"},{"m":{"#":[]},"t":"i"},{"m":{"#":[]},"t":"t"},{"m":{"#":[]},"t":"u"},{"m":{"#":[]},"t":"r"},{"m":{"#":[]},"t":"e"},{"m":{"#":[]},"t":","},{"m":{"#":[]},"t":" "},{"m":{"#":[]},"t":"P"},{"m":{"#":[]},"t":"l"},{"m":{"#":[]},"t":"a"},{"m":{"#":[]},"t":"s"},{"m":{"#":[]},"t":"t"},{"m":{"#":[]},"t":"i"},{"m":{"#":[]},"t":"c"},{"m":{"#":[]},"t":","},{"m":{"#":[]},"t":" "},{"m":{"#":[]},"t":"P"},{"m":{"#":[]},"t":"a"},{"m":{"#":[]},"t":"p"},{"m":{"#":[]},"t":"e"},{"m":{"#":[]},"t":"r"},{"m":{"#":[]},"t":","},{"m":{"#":[]},"t":" "},{"m":{"#":[]},"t":"U"},{"m":{"#":[]},"t":"n"},{"m":{"#":[]},"t":"p"},{"m":{"#":[]},"t":"l"},{"m":{"#":[]},"t":"u"},{"m":{"#":[]},"t":"g"},{"m":{"#":[]},"t":"g"},{"m":{"#":[]},"t":"e"},{"m":{"#":[]},"t":"d"},{"m":{"#":[]},"t":" "},{"m":{"#":[]},"t":"c"},{"m":{"#":[]},"t":"o"},{"m":{"#":[]},"t":"m"},{"m":{"#":[]},"t":"p"},{"m":{"#":[]},"t":"u"},{"m":{"#":[]},"t":"t"},{"m":{"#":[]},"t":"e"},{"m":{"#":[]},"t":"r"},{"m":{"#":[]},"t":"s"}],"k":"e4c2q","t":"p","v":"text","tA":"center"},"vta":"middle"},"fs":{"i":{"h":504,"s":"data/islen-90914827/a26c6479-3397-11ef-ba2b-0eb40a360347.png","w":536},"t":"image"}}},"o":["7lusp","eqfor","bb8n8"]},"mcir":3},"as57f":{"c":[],"k":"as57f","t":"p","v":"text","tA":"left"},"ashgl":{"c":[{"m":{"#":[1]},"t":"C"},{"m":{"#":[1]},"t":"l"},{"m":{"#":[1]},"t":"i"},{"m":{"#":[1]},"t":"c"},{"m":{"#":[1]},"t":"k"},{"m":{"#":[1]},"t":" "},{"m":{"#":[1]},"t":"o"},{"m":{"#":[1]},"t":"n"},{"m":{"#":[1]},"t":" "},{"m":{"#":[1]},"t":"e"},{"m":{"#":[1]},"t":"a"},{"m":{"#":[1]},"t":"c"},{"m":{"#":[1]},"t":"h"},{"m":{"#":[1]},"t":" "},{"m":{"#":[1]},"t":"c"},{"m":{"#":[1]},"t":"a"},{"m":{"#":[1]},"t":"r"},{"m":{"#":[1]},"t":"d"},{"m":{"#":[1]},"t":" "},{"m":{"#":[1]},"t":"b"},{"m":{"#":[1]},"t":"e"},{"m":{"#":[1]},"t":"l"},{"m":{"#":[1]},"t":"o"},{"m":{"#":[1]},"t":"w"},{"m":{"#":[1]},"t":" "},{"m":{"#":[1]},"t":"t"},{"m":{"#":[1]},"t":"o"},{"m":{"#":[1]},"t":" "},{"m":{"#":[1]},"t":"l"},{"m":{"#":[1]},"t":"e"},{"m":{"#":[1]},"t":"a"},{"m":{"#":[1]},"t":"r"},{"m":{"#":[1]},"t":"n"},{"m":{"#":[1]},"t":" "},{"m":{"#":[1]},"t":"m"},{"m":{"#":[1]},"t":"o"},{"m":{"#":[1]},"t":"r"},{"m":{"#":[1]},"t":"e"},{"m":{"#":[1]},"t":"."}],"k":"ashgl","t":"n","nT":"info","cBC":null,"cIC":null}},"o":["14a0e","ashgl","a59hs","as57f","6hrqf","41bi4"]}},"nd":{"hh":[]}},"eq30c":{"h":{"k":"","s":"","t":"Question ","ds":{"tc":"#323537","cis":null}},"k":"eq30c","cs":{"b":{"B":{"59v7d":{"a":"inner","k":"59v7d","t":"Q","dt":{"i":null,"q":{"B":{"0d40d90b-a29b-4167-b73d-6ac6794289bd":{"a":null,"c":{"B":{"09b6a26d-3be7-463d-82a3-ec2462e2a1de":{"c":false,"i":"09b6a26d-3be7-463d-82a3-ec2462e2a1de","t":{"b":{"B":{"5f5vk":{"c":[{"m":{"#":[]},"t":"T"},{"m":{"#":[]},"t":"a"},{"m":{"#":[]},"t":"k"},{"m":{"#":[]},"t":"e"},{"m":{"#":[]},"t":" "},{"m":{"#":[]},"t":"p"},{"m":{"#":[]},"t":"i"},{"m":{"#":[]},"t":"c"},{"m":{"#":[]},"t":"t"},{"m":{"#":[]},"t":"u"},{"m":{"#":[]},"t":"r"},{"m":{"#":[]},"t":"e"},{"m":{"#":[]},"t":"s"},{"m":{"#":[]},"t":" "},{"m":{"#":[]},"t":"o"},{"m":{"#":[]},"t":"f"},{"m":{"#":[]},"t":" "},{"m":{"#":[]},"t":"a"},{"m":{"#":[]},"t":" "},{"m":{"#":[]},"t":"b"},{"m":{"#":[]},"t":"u"},{"m":{"#":[]},"t":"r"},{"m":{"#":[]},"t":"n"},{"m":{"#":[]},"t":"i"},{"m":{"#":[]},"t":"n"},{"m":{"#":[]},"t":"g"},{"m":{"#":[]},"t":" "},{"m":{"#":[]},"t":"c"},{"m":{"#":[]},"t":"o"},{"m":{"#":[]},"t":"m"},{"m":{"#":[]},"t":"p"},{"m":{"#":[]},"t":"u"},{"m":{"#":[]},"t":"t"},{"m":{"#":[]},"t":"e"},{"m":{"#":[]},"t":"r"},{"m":{"#":[]},"t":" "}],"k":"5f5vk","t":"p","v":"text","tA":"left"}},"o":["5f5vk"]}}},"8f24e8bd-6c2b-40d3-8917-e5add29284bd":{"c":true,"i":"8f24e8bd-6c2b-40d3-8917-e5add29284bd","t":{"b":{"B":{"dqhn2":{"c":[{"m":{"#":[]},"t":"C"},{"m":{"#":[]},"t":"a"},{"m":{"#":[]},"t":"l"},{"m":{"#":[]},"t":"l"},{"m":{"#":[]},"t":" "},{"m":{"#":[]},"t":"9"},{"m":{"#":[]},"t":"-"},{"m":{"#":[]},"t":"1"},{"m":{"#":[]},"t":"-"},{"m":{"#":[]},"t":"1"},{"m":{"#":[]},"t":" "},{"m":{"#":[]},"t":"a"},{"m":{"#":[]},"t":"n"},{"m":{"#":[]},"t":"d"},{"m":{"#":[]},"t":" "},{"m":{"#":[]},"t":"t"},{"m":{"#":[]},"t":"e"},{"m":{"#":[]},"t":"l"},{"m":{"#":[]},"t":"l"},{"m":{"#":[]},"t":" "},{"m":{"#":[]},"t":"t"},{"m":{"#":[]},"t":"h"},{"m":{"#":[]},"t":"e"},{"m":{"#":[]},"t":" "},{"m":{"#":[]},"t":"d"},{"m":{"#":[]},"t":"i"},{"m":{"#":[]},"t":"s"},{"m":{"#":[]},"t":"p"},{"m":{"#":[]},"t":"a"},{"m":{"#":[]},"t":"t"},{"m":{"#":[]},"t":"c"},{"m":{"#":[]},"t":"h"},{"m":{"#":[]},"t":"e"},{"m":{"#":[]},"t":"r"},{"m":{"#":[]},"t":" "},{"m":{"#":[]},"t":"t"},{"m":{"#":[]},"t":"h"},{"m":{"#":[]},"t":"e"},{"m":{"#":[]},"t":" "},{"m":{"#":[]},"t":"a"},{"m":{"#":[]},"t":"d"},{"m":{"#":[]},"t":"d"},{"m":{"#":[]},"t":"r"},{"m":{"#":[]},"t":"e"},{"m":{"#":[]},"t":"s"},{"m":{"#":[]},"t":"s"},{"m":{"#":[]},"t":" "},{"m":{"#":[]},"t":"a"},{"m":{"#":[]},"t":"n"},{"m":{"#":[]},"t":"d"},{"m":{"#":[]},"t":" "},{"m":{"#":[]},"t":"y"},{"m":{"#":[]},"t":"o"},{"m":{"#":[]},"t":"u"},{"m":{"#":[]},"t":"r"},{"m":{"#":[]},"t":" "},{"m":{"#":[]},"t":"p"},{"m":{"#":[]},"t":"e"},{"m":{"#":[]},"t":"r"},{"m":{"#":[]},"t":"s"},{"m":{"#":[]},"t":"o"},{"m":{"#":[]},"t":"n"},{"m":{"#":[]},"t":"a"},{"m":{"#":[]},"t":"l"},{"m":{"#":[]},"t":" "},{"m":{"#":[]},"t":"d"},{"m":{"#":[]},"t":"a"},{"m":{"#":[]},"t":"t"},{"m":{"#":[]},"t":"a"}],"k":"dqhn2","t":"p","v":"text","tA":"left"}},"o":["dqhn2"]}}},"ed8197b2-4a54-4ca2-85ea-0a19d7d355d6":{"c":false,"i":"ed8197b2-4a54-4ca2-85ea-0a19d7d355d6","t":{"b":{"B":{"d6qrg":{"c":[{"m":{"#":[]},"t":"\n"},{"m":{"#":[]},"t":"C"},{"m":{"#":[]},"t":"a"},{"m":{"#":[]},"t":"l"},{"m":{"#":[]},"t":"l"},{"m":{"#":[]},"t":" "},{"m":{"#":[]},"t":"y"},{"m":{"#":[]},"t":"o"},{"m":{"#":[]},"t":"u"},{"m":{"#":[]},"t":"r"},{"m":{"#":[]},"t":" "},{"m":{"#":[]},"t":"f"},{"m":{"#":[]},"t":"r"},{"m":{"#":[]},"t":"i"},{"m":{"#":[]},"t":"e"},{"m":{"#":[]},"t":"n"},{"m":{"#":[]},"t":"d"},{"m":{"#":[]},"t":" "},{"m":{"#":[]},"t":"a"},{"m":{"#":[]},"t":"n"},{"m":{"#":[]},"t":"d"},{"m":{"#":[]},"t":" "},{"m":{"#":[]},"t":"t"},{"m":{"#":[]},"t":"e"},{"m":{"#":[]},"t":"l"},{"m":{"#":[]},"t":"l"},{"m":{"#":[]},"t":" "},{"m":{"#":[]},"t":"a"},{"m":{"#":[]},"t":"b"},{"m":{"#":[]},"t":"o"},{"m":{"#":[]},"t":"u"},{"m":{"#":[]},"t":"t"},{"m":{"#":[]},"t":" "},{"m":{"#":[]},"t":"i"},{"m":{"#":[]},"t":"t"},{"m":{"#":[]},"t":"\n"}],"k":"d6qrg","t":"p","v":"text","tA":"left"}},"o":["d6qrg"]}}}},"o":["ed8197b2-4a54-4ca2-85ea-0a19d7d355d6","8f24e8bd-6c2b-40d3-8917-e5add29284bd","09b6a26d-3be7-463d-82a3-ec2462e2a1de"]},"d":{"b":{"B":{"qa6f":{"c":[{"m":{"#":[]},"t":"S"},{"m":{"#":[]},"t":"t"},{"m":{"#":[]},"t":"e"},{"m":{"#":[]},"t":"p"},{"m":{"#":[]},"t":" "},{"m":{"#":[]},"t":"2"}],"k":"qa6f","t":"p","v":"text","tA":"left"}},"o":["qa6f"]}},"f":{"a":{"b":{"B":{"cbovf":{"c":[{"m":{"#":[]},"t":"T"},{"m":{"#":[]},"t":"h"},{"m":{"#":[]},"t":"a"},{"m":{"#":[]},"t":"n"},{"m":{"#":[]},"t":"k"},{"m":{"#":[]},"t":"s"},{"m":{"#":[]},"t":" "},{"m":{"#":[]},"t":"f"},{"m":{"#":[]},"t":"o"},{"m":{"#":[]},"t":"r"},{"m":{"#":[]},"t":" "},{"m":{"#":[]},"t":"y"},{"m":{"#":[]},"t":"o"},{"m":{"#":[]},"t":"u"},{"m":{"#":[]},"t":"r"},{"m":{"#":[]},"t":" "},{"m":{"#":[]},"t":"a"},{"m":{"#":[]},"t":"n"},{"m":{"#":[]},"t":"s"},{"m":{"#":[]},"t":"w"},{"m":{"#":[]},"t":"e"},{"m":{"#":[]},"t":"r"},{"m":{"#":[]},"t":"!"}],"k":"cbovf","t":"p","v":"text","tA":"left"}},"o":["cbovf"]}},"c":{"b":{"B":{"1u4dv":{"c":[{"m":{"#":[]},"t":"Y"},{"m":{"#":[]},"t":"o"},{"m":{"#":[]},"t":"u"},{"m":{"#":[]},"t":"r"},{"m":{"#":[]},"t":" "},{"m":{"#":[]},"t":"a"},{"m":{"#":[]},"t":"n"},{"m":{"#":[]},"t":"s"},{"m":{"#":[]},"t":"w"},{"m":{"#":[]},"t":"e"},{"m":{"#":[]},"t":"r"},{"m":{"#":[]},"t":" "},{"m":{"#":[]},"t":"i"},{"m":{"#":[]},"t":"s"},{"m":{"#":[]},"t":" "},{"m":{"#":[]},"t":"c"},{"m":{"#":[]},"t":"o"},{"m":{"#":[]},"t":"r"},{"m":{"#":[]},"t":"r"},{"m":{"#":[]},"t":"e"},{"m":{"#":[]},"t":"c"},{"m":{"#":[]},"t":"t"},{"m":{"#":[]},"t":"."}],"k":"1u4dv","t":"p","v":"text","tA":"left"}},"o":["1u4dv"]}},"i":{"b":{"B":{"66j9t":{"c":[{"m":{"#":[]},"t":"S"},{"m":{"#":[]},"t":"o"},{"m":{"#":[]},"t":"r"},{"m":{"#":[]},"t":"r"},{"m":{"#":[]},"t":"y"},{"m":{"#":[]},"t":","},{"m":{"#":[]},"t":" "},{"m":{"#":[]},"t":"y"},{"m":{"#":[]},"t":"o"},{"m":{"#":[]},"t":"u"},{"m":{"#":[]},"t":"r"},{"m":{"#":[]},"t":" "},{"m":{"#":[]},"t":"a"},{"m":{"#":[]},"t":"n"},{"m":{"#":[]},"t":"s"},{"m":{"#":[]},"t":"w"},{"m":{"#":[]},"t":"e"},{"m":{"#":[]},"t":"r"},{"m":{"#":[]},"t":" "},{"m":{"#":[]},"t":"i"},{"m":{"#":[]},"t":"s"},{"m":{"#":[]},"t":" "},{"m":{"#":[]},"t":"i"},{"m":{"#":[]},"t":"n"},{"m":{"#":[]},"t":"c"},{"m":{"#":[]},"t":"o"},{"m":{"#":[]},"t":"r"},{"m":{"#":[]},"t":"r"},{"m":{"#":[]},"t":"e"},{"m":{"#":[]},"t":"c"},{"m":{"#":[]},"t":"t"},{"m":{"#":[]},"t":"."}],"k":"66j9t","t":"p","v":"text","tA":"left"}},"o":["66j9t"]}},"t":"correctIncorrect"},"i":"0d40d90b-a29b-4167-b73d-6ac6794289bd","t":"mc"},"cda7f1c6-a81b-4c8a-bea4-6e4e1ad2666d":{"a":null,"c":{"B":{"211ec776-3930-4586-84fd-f9857af9cf59":{"c":false,"i":"211ec776-3930-4586-84fd-f9857af9cf59","t":{"b":{"B":{"44m1k":{"c":[{"m":{"#":[]},"t":"C"},{"m":{"#":[]},"t":"o"},{"m":{"#":[]},"t":"l"},{"m":{"#":[]},"t":"l"},{"m":{"#":[]},"t":"e"},{"m":{"#":[]},"t":"c"},{"m":{"#":[]},"t":"t"},{"m":{"#":[]},"t":" "},{"m":{"#":[]},"t":"a"},{"m":{"#":[]},"t":"l"},{"m":{"#":[]},"t":"l"},{"m":{"#":[]},"t":" "},{"m":{"#":[]},"t":"y"},{"m":{"#":[]},"t":"o"},{"m":{"#":[]},"t":"u"},{"m":{"#":[]},"t":"r"},{"m":{"#":[]},"t":" "},{"m":{"#":[]},"t":"b"},{"m":{"#":[]},"t":"e"},{"m":{"#":[]},"t":"l"},{"m":{"#":[]},"t":"o"},{"m":{"#":[]},"t":"n"},{"m":{"#":[]},"t":"g"},{"m":{"#":[]},"t":"i"},{"m":{"#":[]},"t":"n"},{"m":{"#":[]},"t":"g"},{"m":{"#":[]},"t":"s"},{"m":{"#":[]},"t":" "},{"m":{"#":[]},"t":"o"},{"m":{"#":[]},"t":"n"},{"m":{"#":[]},"t":" "},{"m":{"#":[]},"t":"y"},{"m":{"#":[]},"t":"o"},{"m":{"#":[]},"t":"u"},{"m":{"#":[]},"t":"r"},{"m":{"#":[]},"t":" "},{"m":{"#":[]},"t":"d"},{"m":{"#":[]},"t":"e"},{"m":{"#":[]},"t":"s"},{"m":{"#":[]},"t":"k"}],"k":"44m1k","t":"p","v":"text","tA":"left"}},"o":["44m1k"]}}},"90b58dba-0d8c-42c8-92c7-b049819132bc":{"c":true,"i":"90b58dba-0d8c-42c8-92c7-b049819132bc","t":{"b":{"B":{"dfh1q":{"c":[{"m":{"#":[]},"t":"L"},{"m":{"#":[]},"t":"o"},{"m":{"#":[]},"t":"o"},{"m":{"#":[]},"t":"k"},{"m":{"#":[]},"t":" "},{"m":{"#":[]},"t":"a"},{"m":{"#":[]},"t":"r"},{"m":{"#":[]},"t":"o"},{"m":{"#":[]},"t":"u"},{"m":{"#":[]},"t":"n"},{"m":{"#":[]},"t":"d"},{"m":{"#":[]},"t":" "},{"m":{"#":[]},"t":"a"},{"m":{"#":[]},"t":"n"},{"m":{"#":[]},"t":"d"},{"m":{"#":[]},"t":" "},{"m":{"#":[]},"t":"a"},{"m":{"#":[]},"t":"n"},{"m":{"#":[]},"t":"a"},{"m":{"#":[]},"t":"l"},{"m":{"#":[]},"t":"y"},{"m":{"#":[]},"t":"z"},{"m":{"#":[]},"t":"e"},{"m":{"#":[]},"t":" "},{"m":{"#":[]},"t":"w"},{"m":{"#":[]},"t":"h"},{"m":{"#":[]},"t":"a"},{"m":{"#":[]},"t":"t"},{"m":{"#":[]},"t":" "},{"m":{"#":[]},"t":"t"},{"m":{"#":[]},"t":"h"},{"m":{"#":[]},"t":"e"},{"m":{"#":[]},"t":" "},{"m":{"#":[]},"t":"d"},{"m":{"#":[]},"t":"a"},{"m":{"#":[]},"t":"n"},{"m":{"#":[]},"t":"g"},{"m":{"#":[]},"t":"e"},{"m":{"#":[]},"t":"r"},{"m":{"#":[]},"t":" "},{"m":{"#":[]},"t":"i"},{"m":{"#":[]},"t":"s"},{"m":{"#":[]},"t":" "},{"m":{"#":[]},"t":"a"},{"m":{"#":[]},"t":"n"},{"m":{"#":[]},"t":"d"},{"m":{"#":[]},"t":" "},{"m":{"#":[]},"t":"w"},{"m":{"#":[]},"t":"h"},{"m":{"#":[]},"t":"e"},{"m":{"#":[]},"t":"r"},{"m":{"#":[]},"t":"e"},{"m":{"#":[]},"t":" "},{"m":{"#":[]},"t":"t"},{"m":{"#":[]},"t":"h"},{"m":{"#":[]},"t":"e"},{"m":{"#":[]},"t":" "},{"m":{"#":[]},"t":"f"},{"m":{"#":[]},"t":"i"},{"m":{"#":[]},"t":"r"},{"m":{"#":[]},"t":"e"},{"m":{"#":[]},"t":" "},{"m":{"#":[]},"t":"e"},{"m":{"#":[]},"t":"x"},{"m":{"#":[]},"t":"i"},{"m":{"#":[]},"t":"t"},{"m":{"#":[]},"t":"s"},{"m":{"#":[]},"t":" "},{"m":{"#":[]},"t":"a"},{"m":{"#":[]},"t":"r"},{"m":{"#":[]},"t":"e"},{"m":{"#":[]},"t":"."},{"m":{"#":[]},"t":"\n"}],"k":"dfh1q","t":"p","v":"text","tA":"left"}},"o":["dfh1q"]}}},"bd257778-9325-4647-b28d-8313b13439b5":{"c":false,"i":"bd257778-9325-4647-b28d-8313b13439b5","t":{"b":{"B":{"apv5o":{"c":[{"m":{"#":[]},"t":"R"},{"m":{"#":[]},"t":"u"},{"m":{"#":[]},"t":"n"},{"m":{"#":[]},"t":" "},{"m":{"#":[]},"t":"t"},{"m":{"#":[]},"t":"o"},{"m":{"#":[]},"t":" "},{"m":{"#":[]},"t":"t"},{"m":{"#":[]},"t":"h"},{"m":{"#":[]},"t":"e"},{"m":{"#":[]},"t":" "},{"m":{"#":[]},"t":"h"},{"m":{"#":[]},"t":"a"},{"m":{"#":[]},"t":"l"},{"m":{"#":[]},"t":"l"},{"m":{"#":[]},"t":" "},{"m":{"#":[]},"t":"a"},{"m":{"#":[]},"t":"n"},{"m":{"#":[]},"t":"d"},{"m":{"#":[]},"t":" "},{"m":{"#":[]},"t":"t"},{"m":{"#":[]},"t":"e"},{"m":{"#":[]},"t":"l"},{"m":{"#":[]},"t":"l"},{"m":{"#":[]},"t":" "},{"m":{"#":[]},"t":"e"},{"m":{"#":[]},"t":"v"},{"m":{"#":[]},"t":"e"},{"m":{"#":[]},"t":"r"},{"m":{"#":[]},"t":"y"},{"m":{"#":[]},"t":"o"},{"m":{"#":[]},"t":"n"},{"m":{"#":[]},"t":"e"},{"m":{"#":[]},"t":" "}],"k":"apv5o","t":"p","v":"text","tA":"left"}},"o":["apv5o"]}}}},"o":["90b58dba-0d8c-42c8-92c7-b049819132bc","bd257778-9325-4647-b28d-8313b13439b5","211ec776-3930-4586-84fd-f9857af9cf59"]},"d":{"b":{"B":{"704gt":{"c":[{"m":{"#":[]},"t":"S"},{"m":{"#":[]},"t":"t"},{"m":{"#":[]},"t":"e"},{"m":{"#":[]},"t":"p"},{"m":{"#":[]},"t":" "},{"m":{"#":[]},"t":"1"}],"k":"704gt","t":"p","v":"text","tA":"left"}},"o":["704gt"]}},"f":{"a":{"b":{"B":{"61ev5":{"c":[{"m":{"#":[]},"t":"T"},{"m":{"#":[]},"t":"h"},{"m":{"#":[]},"t":"a"},{"m":{"#":[]},"t":"n"},{"m":{"#":[]},"t":"k"},{"m":{"#":[]},"t":"s"},{"m":{"#":[]},"t":" "},{"m":{"#":[]},"t":"f"},{"m":{"#":[]},"t":"o"},{"m":{"#":[]},"t":"r"},{"m":{"#":[]},"t":" "},{"m":{"#":[]},"t":"y"},{"m":{"#":[]},"t":"o"},{"m":{"#":[]},"t":"u"},{"m":{"#":[]},"t":"r"},{"m":{"#":[]},"t":" "},{"m":{"#":[]},"t":"a"},{"m":{"#":[]},"t":"n"},{"m":{"#":[]},"t":"s"},{"m":{"#":[]},"t":"w"},{"m":{"#":[]},"t":"e"},{"m":{"#":[]},"t":"r"},{"m":{"#":[]},"t":"!"}],"k":"61ev5","t":"p","v":"text","tA":"left"}},"o":["61ev5"]}},"c":{"b":{"B":{"aqjrj":{"c":[{"m":{"#":[]},"t":"Y"},{"m":{"#":[]},"t":"o"},{"m":{"#":[]},"t":"u"},{"m":{"#":[]},"t":"r"},{"m":{"#":[]},"t":" "},{"m":{"#":[]},"t":"a"},{"m":{"#":[]},"t":"n"},{"m":{"#":[]},"t":"s"},{"m":{"#":[]},"t":"w"},{"m":{"#":[]},"t":"e"},{"m":{"#":[]},"t":"r"},{"m":{"#":[]},"t":" "},{"m":{"#":[]},"t":"i"},{"m":{"#":[]},"t":"s"},{"m":{"#":[]},"t":" "},{"m":{"#":[]},"t":"c"},{"m":{"#":[]},"t":"o"},{"m":{"#":[]},"t":"r"},{"m":{"#":[]},"t":"r"},{"m":{"#":[]},"t":"e"},{"m":{"#":[]},"t":"c"},{"m":{"#":[]},"t":"t"},{"m":{"#":[]},"t":"."}],"k":"aqjrj","t":"p","v":"text","tA":"left"}},"o":["aqjrj"]}},"i":{"b":{"B":{"76uel":{"c":[{"m":{"#":[]},"t":"S"},{"m":{"#":[]},"t":"o"},{"m":{"#":[]},"t":"r"},{"m":{"#":[]},"t":"r"},{"m":{"#":[]},"t":"y"},{"m":{"#":[]},"t":","},{"m":{"#":[]},"t":" "},{"m":{"#":[]},"t":"y"},{"m":{"#":[]},"t":"o"},{"m":{"#":[]},"t":"u"},{"m":{"#":[]},"t":"r"},{"m":{"#":[]},"t":" "},{"m":{"#":[]},"t":"a"},{"m":{"#":[]},"t":"n"},{"m":{"#":[]},"t":"s"},{"m":{"#":[]},"t":"w"},{"m":{"#":[]},"t":"e"},{"m":{"#":[]},"t":"r"},{"m":{"#":[]},"t":" "},{"m":{"#":[]},"t":"i"},{"m":{"#":[]},"t":"s"},{"m":{"#":[]},"t":" "},{"m":{"#":[]},"t":"i"},{"m":{"#":[]},"t":"n"},{"m":{"#":[]},"t":"c"},{"m":{"#":[]},"t":"o"},{"m":{"#":[]},"t":"r"},{"m":{"#":[]},"t":"r"},{"m":{"#":[]},"t":"e"},{"m":{"#":[]},"t":"c"},{"m":{"#":[]},"t":"t"},{"m":{"#":[]},"t":"."}],"k":"76uel","t":"p","v":"text","tA":"left"}},"o":["76uel"]}},"t":"correctIncorrect"},"i":"cda7f1c6-a81b-4c8a-bea4-6e4e1ad2666d","t":"mc"},"fe70ab8e-073f-432d-a87b-f2f5d1366bc4":{"a":null,"c":{"B":{"57c76947-de4a-4e46-b6a7-68d406225d1b":{"c":true,"i":"57c76947-de4a-4e46-b6a7-68d406225d1b","t":{"b":{"B":{"7os2b":{"c":[{"m":{"#":[]},"t":"\n"},{"m":{"#":[]},"t":"G"},{"m":{"#":[]},"t":"e"},{"m":{"#":[]},"t":"t"},{"m":{"#":[]},"t":" "},{"m":{"#":[]},"t":"o"},{"m":{"#":[]},"t":"u"},{"m":{"#":[]},"t":"t"},{"m":{"#":[]},"t":" "},{"m":{"#":[]},"t":"o"},{"m":{"#":[]},"t":"f"},{"m":{"#":[]},"t":" "},{"m":{"#":[]},"t":"t"},{"m":{"#":[]},"t":"h"},{"m":{"#":[]},"t":"e"},{"m":{"#":[]},"t":" "},{"m":{"#":[]},"t":"r"},{"m":{"#":[]},"t":"o"},{"m":{"#":[]},"t":"o"},{"m":{"#":[]},"t":"m"},{"m":{"#":[]},"t":" "},{"m":{"#":[]},"t":"a"},{"m":{"#":[]},"t":"n"},{"m":{"#":[]},"t":"d"},{"m":{"#":[]},"t":" "},{"m":{"#":[]},"t":"f"},{"m":{"#":[]},"t":"o"},{"m":{"#":[]},"t":"l"},{"m":{"#":[]},"t":"l"},{"m":{"#":[]},"t":"o"},{"m":{"#":[]},"t":"w"},{"m":{"#":[]},"t":" "},{"m":{"#":[]},"t":"t"},{"m":{"#":[]},"t":"h"},{"m":{"#":[]},"t":"e"},{"m":{"#":[]},"t":" "},{"m":{"#":[]},"t":"e"},{"m":{"#":[]},"t":"v"},{"m":{"#":[]},"t":"a"},{"m":{"#":[]},"t":"c"},{"m":{"#":[]},"t":"u"},{"m":{"#":[]},"t":"a"},{"m":{"#":[]},"t":"t"},{"m":{"#":[]},"t":"i"},{"m":{"#":[]},"t":"o"},{"m":{"#":[]},"t":"n"},{"m":{"#":[]},"t":" "},{"m":{"#":[]},"t":"s"},{"m":{"#":[]},"t":"i"},{"m":{"#":[]},"t":"g"},{"m":{"#":[]},"t":"n"},{"m":{"#":[]},"t":"s"},{"m":{"#":[]},"t":"\n"}],"k":"7os2b","t":"p","v":"text","tA":"left"}},"o":["7os2b"]}}},"6e171259-3b6b-4152-b23f-a2ed14f0c015":{"c":false,"i":"6e171259-3b6b-4152-b23f-a2ed14f0c015","t":{"b":{"B":{"agpu1":{"c":[{"m":{"#":[]},"t":"G"},{"m":{"#":[]},"t":"o"},{"m":{"#":[]},"t":" "},{"m":{"#":[]},"t":"t"},{"m":{"#":[]},"t":"o"},{"m":{"#":[]},"t":" "},{"m":{"#":[]},"t":"t"},{"m":{"#":[]},"t":"h"},{"m":{"#":[]},"t":"e"},{"m":{"#":[]},"t":" "},{"m":{"#":[]},"t":"m"},{"m":{"#":[]},"t":"a"},{"m":{"#":[]},"t":"i"},{"m":{"#":[]},"t":"n"},{"m":{"#":[]},"t":" "},{"m":{"#":[]},"t":"s"},{"m":{"#":[]},"t":"t"},{"m":{"#":[]},"t":"a"},{"m":{"#":[]},"t":"i"},{"m":{"#":[]},"t":"r"},{"m":{"#":[]},"t":"w"},{"m":{"#":[]},"t":"a"},{"m":{"#":[]},"t":"y"},{"m":{"#":[]},"t":" "},{"m":{"#":[]},"t":"o"},{"m":{"#":[]},"t":"n"},{"m":{"#":[]},"t":" "},{"m":{"#":[]},"t":"t"},{"m":{"#":[]},"t":"h"},{"m":{"#":[]},"t":"e"},{"m":{"#":[]},"t":" "},{"m":{"#":[]},"t":"o"},{"m":{"#":[]},"t":"t"},{"m":{"#":[]},"t":"h"},{"m":{"#":[]},"t":"e"},{"m":{"#":[]},"t":"r"},{"m":{"#":[]},"t":" "},{"m":{"#":[]},"t":"s"},{"m":{"#":[]},"t":"i"},{"m":{"#":[]},"t":"d"},{"m":{"#":[]},"t":"e"},{"m":{"#":[]},"t":" "},{"m":{"#":[]},"t":"o"},{"m":{"#":[]},"t":"f"},{"m":{"#":[]},"t":" "},{"m":{"#":[]},"t":"t"},{"m":{"#":[]},"t":"h"},{"m":{"#":[]},"t":"e"},{"m":{"#":[]},"t":" "},{"m":{"#":[]},"t":"b"},{"m":{"#":[]},"t":"u"},{"m":{"#":[]},"t":"i"},{"m":{"#":[]},"t":"l"},{"m":{"#":[]},"t":"d"},{"m":{"#":[]},"t":"i"},{"m":{"#":[]},"t":"n"},{"m":{"#":[]},"t":"g"}],"k":"agpu1","t":"p","v":"text","tA":"left"}},"o":["agpu1"]}}},"93a355c1-e8cf-47e1-8718-f3bd78707377":{"c":false,"i":"93a355c1-e8cf-47e1-8718-f3bd78707377","t":{"b":{"B":{"3d89n":{"c":[{"m":{"#":[]},"t":"R"},{"m":{"#":[]},"t":"u"},{"m":{"#":[]},"t":"n"},{"m":{"#":[]},"t":" "},{"m":{"#":[]},"t":"t"},{"m":{"#":[]},"t":"o"},{"m":{"#":[]},"t":" "},{"m":{"#":[]},"t":"t"},{"m":{"#":[]},"t":"h"},{"m":{"#":[]},"t":"e"},{"m":{"#":[]},"t":" "},{"m":{"#":[]},"t":"e"},{"m":{"#":[]},"t":"l"},{"m":{"#":[]},"t":"e"},{"m":{"#":[]},"t":"v"},{"m":{"#":[]},"t":"a"},{"m":{"#":[]},"t":"t"},{"m":{"#":[]},"t":"o"},{"m":{"#":[]},"t":"r"},{"m":{"#":[]},"t":" "}],"k":"3d89n","t":"p","v":"text","tA":"left"}},"o":["3d89n"]}}}},"o":["93a355c1-e8cf-47e1-8718-f3bd78707377","57c76947-de4a-4e46-b6a7-68d406225d1b","6e171259-3b6b-4152-b23f-a2ed14f0c015"]},"d":{"b":{"B":{"en5aq":{"c":[{"m":{"#":[]},"t":"S"},{"m":{"#":[]},"t":"t"},{"m":{"#":[]},"t":"e"},{"m":{"#":[]},"t":"p"},{"m":{"#":[]},"t":" "},{"m":{"#":[]},"t":"3"}],"k":"en5aq","t":"p","v":"text","tA":"left"}},"o":["en5aq"]}},"f":{"a":{"b":{"B":{"8d8vo":{"c":[{"m":{"#":[]},"t":"T"},{"m":{"#":[]},"t":"h"},{"m":{"#":[]},"t":"a"},{"m":{"#":[]},"t":"n"},{"m":{"#":[]},"t":"k"},{"m":{"#":[]},"t":"s"},{"m":{"#":[]},"t":" "},{"m":{"#":[]},"t":"f"},{"m":{"#":[]},"t":"o"},{"m":{"#":[]},"t":"r"},{"m":{"#":[]},"t":" "},{"m":{"#":[]},"t":"y"},{"m":{"#":[]},"t":"o"},{"m":{"#":[]},"t":"u"},{"m":{"#":[]},"t":"r"},{"m":{"#":[]},"t":" "},{"m":{"#":[]},"t":"a"},{"m":{"#":[]},"t":"n"},{"m":{"#":[]},"t":"s"},{"m":{"#":[]},"t":"w"},{"m":{"#":[]},"t":"e"},{"m":{"#":[]},"t":"r"},{"m":{"#":[]},"t":"!"}],"k":"8d8vo","t":"p","v":"text","tA":"left"}},"o":["8d8vo"]}},"c":{"b":{"B":{"bq3ag":{"c":[{"m":{"#":[]},"t":"Y"},{"m":{"#":[]},"t":"o"},{"m":{"#":[]},"t":"u"},{"m":{"#":[]},"t":"r"},{"m":{"#":[]},"t":" "},{"m":{"#":[]},"t":"a"},{"m":{"#":[]},"t":"n"},{"m":{"#":[]},"t":"s"},{"m":{"#":[]},"t":"w"},{"m":{"#":[]},"t":"e"},{"m":{"#":[]},"t":"r"},{"m":{"#":[]},"t":" "},{"m":{"#":[]},"t":"i"},{"m":{"#":[]},"t":"s"},{"m":{"#":[]},"t":" "},{"m":{"#":[]},"t":"c"},{"m":{"#":[]},"t":"o"},{"m":{"#":[]},"t":"r"},{"m":{"#":[]},"t":"r"},{"m":{"#":[]},"t":"e"},{"m":{"#":[]},"t":"c"},{"m":{"#":[]},"t":"t"},{"m":{"#":[]},"t":"."}],"k":"bq3ag","t":"p","v":"text","tA":"left"}},"o":["bq3ag"]}},"i":{"b":{"B":{"5t1n7":{"c":[{"m":{"#":[]},"t":"S"},{"m":{"#":[]},"t":"o"},{"m":{"#":[]},"t":"r"},{"m":{"#":[]},"t":"r"},{"m":{"#":[]},"t":"y"},{"m":{"#":[]},"t":","},{"m":{"#":[]},"t":" "},{"m":{"#":[]},"t":"y"},{"m":{"#":[]},"t":"o"},{"m":{"#":[]},"t":"u"},{"m":{"#":[]},"t":"r"},{"m":{"#":[]},"t":" "},{"m":{"#":[]},"t":"a"},{"m":{"#":[]},"t":"n"},{"m":{"#":[]},"t":"s"},{"m":{"#":[]},"t":"w"},{"m":{"#":[]},"t":"e"},{"m":{"#":[]},"t":"r"},{"m":{"#":[]},"t":" "},{"m":{"#":[]},"t":"i"},{"m":{"#":[]},"t":"s"},{"m":{"#":[]},"t":" "},{"m":{"#":[]},"t":"i"},{"m":{"#":[]},"t":"n"},{"m":{"#":[]},"t":"c"},{"m":{"#":[]},"t":"o"},{"m":{"#":[]},"t":"r"},{"m":{"#":[]},"t":"r"},{"m":{"#":[]},"t":"e"},{"m":{"#":[]},"t":"c"},{"m":{"#":[]},"t":"t"},{"m":{"#":[]},"t":"."}],"k":"5t1n7","t":"p","v":"text","tA":"left"}},"o":["5t1n7"]}},"t":"correctIncorrect"},"i":"fe70ab8e-073f-432d-a87b-f2f5d1366bc4","t":"mc"}},"o":["cda7f1c6-a81b-4c8a-bea4-6e4e1ad2666d","0d40d90b-a29b-4167-b73d-6ac6794289bd","fe70ab8e-073f-432d-a87b-f2f5d1366bc4"]},"r":null},"iL":false,"ss":{"m":{"a":-1,"ig":false,"ps":80,"tl":1200000,"sae":false,"sfe":true,"sqe":false,"tle":false,"scae":false}},"lqI":"8962328c-33b9-11ef-ba3d-0eb40a360347"},"d4uei":{"c":[],"k":"d4uei","t":"p","v":"text","tA":"left"}},"o":["59v7d","d4uei"]}},"nd":{"hh":[]}}}}},"settings":{"a":{"d":"ltr"},"d":{"aC":"#E73018","cf":{"i":"inter","t":"builtIn"},"hf":{"i":"inter","t":"builtIn"}},"m":{"cE":true,"gd":{"gM":"noGrade"},"nT":"sequence","chc":-1},"n":{"cdt":"withPagesAndHeaders","nbE":true,"inpc":true}},"version":33,"customFonts":[]}